partition,elements,neighboring_ranks,max_mpi_faces_per_neighboring_rank,interior_elements,mpi_elements,mpi_faces,mpi_dr_faces,dynamic_rupture_faces,free_surface_faces,transparent_faces
0,93325,9,1016,88972,4353,4889,0,0,5491,0
1,93396,16,1543,86128,7268,9236,0,0,0,0
2,93343,13,1254,87621,5722,6838,0,0,3490,0
3,93303,8,1254,88544,4759,5461,0,0,4723,0
4,93402,10,1258,87466,5936,7204,0,0,2646,0
5,93326,16,1258,86920,6406,7764,0,0,2828,0
6,93281,13,1386,87019,6262,7623,0,0,2445,0
7,93271,11,1386,88611,4660,5333,0,0,4937,0
8,93089,11,1080,87484,5605,6808,0,0,3368,0
9,92977,9,912,88290,4687,5609,0,0,4329,0
10,93267,9,1352,87195,6072,7283,0,0,2979,0
11,93387,10,1296,88786,4601,5399,0,0,4615,0
12,93330,18,1326,86340,6990,9038,0,0,0,0
13,93274,17,1543,86197,7077,9170,0,0,0,0
14,87828,9,1227,82785,5043,6021,0,0,3835,0
15,93360,11,1207,88719,4641,5459,0,0,4647,0
16,93275,19,1879,85819,7456,9676,0,0,0,0
17,93194,10,1182,88664,4530,5215,0,0,5453,0
18,93216,8,1166,88431,4785,5580,0,0,4598,0
19,93299,13,1823,87498,5801,6962,0,0,3908,0
20,93333,16,1642,86386,6947,9294,0,0,0,0
21,93337,13,1461,86724,6613,9054,0,0,0,0
22,93300,18,1447,85718,7582,9864,0,0,0,0
23,93338,15,1879,85683,7655,9620,0,0,0,0
24,93413,19,1446,86309,7104,9224,0,0,0,0
25,93322,17,1405,86022,7300,9318,0,0,0,0
26,93294,10,1221,88900,4394,5071,0,0,5083,0
27,93257,10,1221,88301,4956,5826,0,0,4148,0
28,93233,10,1427,88325,4908,5835,0,0,3877,0
29,93327,13,1765,88086,5241,5936,0,0,5404,0
30,93405,17,1458,86267,7138,9232,0,0,0,0
31,93412,14,1765,86110,7302,8903,0,0,1755,0
32,93345,12,1283,87738,5607,6707,0,0,3859,0
33,93407,10,1842,87720,5687,6681,0,0,4177,0
34,93466,14,1642,86766,6700,8118,0,0,3174,0
35,93403,8,1642,89049,4354,4994,0,0,4856,0
36,93327,13,1842,87031,6296,7571,0,0,2817,0
37,93278,8,1255,88910,4368,5139,0,0,4573,0
38,93357,9,1518,88928,4429,5019,0,0,5433,0
39,93411,13,1518,87176,6235,7601,0,0,2635,0
40,93367,14,1587,86494,6873,8920,0,0,0,0
41,93385,18,1858,85631,7754,9880,0,0,0,0
42,93334,19,1763,85540,7794,9926,0,0,0,0
43,93402,16,1763,85879,7523,9656,0,0,0,0
44,93379,9,1711,88616,4763,5641,0,0,4631,0
45,93323,13,1711,87477,5846,6973,0,0,3559,0
46,93374,9,973,89020,4354,4948,0,0,5346,0
47,93365,10,845,88712,4653,5207,0,0,5567,0
48,93356,9,1413,88005,5351,6285,0,0,4523,0
49,93411,12,1413,88839,4572,5293,0,0,5059,0
50,93418,16,1406,86243,7175,9294,0,0,0,0
51,93284,16,1461,86410,6874,8834,0,0,0,0
52,93365,17,1316,86145,7220,9016,0,0,2166,0
53,93393,7,1316,88838,4555,5270,0,0,4576,0
54,93400,19,1136,86321,7079,9118,0,0,0,0
55,93361,9,1022,88180,5181,6213,0,0,3599,0
56,93321,18,1713,86079,7242,9292,0,0,0,0
57,93451,18,1782,85907,7544,9736,0,0,0,0
58,93347,16,1782,85971,7376,9600,0,0,0,0
59,93375,17,1709,85307,8068,10332,0,0,0,0
60,93392,18,1265,86008,7384,9568,0,0,0,0
61,93432,17,1540,86258,7174,9452,0,0,0,0
62,93382,15,1858,86136,7246,9312,0,0,0,0
63,93332,16,1191,86575,6757,9128,0,0,0,0
64,93364,12,1642,87353,6011,7671,0,0,0,1161
65,93469,10,1808,87029,6440,8141,0,0,0,913
66,93511,13,2011,88114,5397,7014,0,0,0,2020
67,93370,16,2011,85880,7490,9784,0,0,0,0
68,93352,18,2113,85736,7616,9578,0,0,0,0
69,93386,16,2113,85785,7601,9822,0,0,0,0
70,93402,16,1557,86490,6912,9184,0,0,0,0
71,93348,19,1241,86047,7301,9564,0,0,0,0
72,93307,16,1458,86242,7065,9240,0,0,0,0
73,93367,18,1557,85197,8170,10398,0,0,0,0
74,93309,15,1686,86077,7232,9342,0,0,0,0
75,93303,15,1686,86106,7197,9370,0,0,0,0
76,93291,15,1922,85915,7376,9572,0,0,0,0
77,93361,16,1922,85741,7620,9728,0,0,0,0
78,93360,16,1506,86238,7122,9338,0,0,0,0
79,93555,15,1506,86554,7001,9126,0,0,0,0
80,93406,16,1442,85694,7712,9562,0,0,0,0
81,93410,10,1529,87581,5829,7486,0,0,0,1172
82,93368,12,1662,87069,6299,8074,0,0,0,952
83,93428,13,1662,86910,6518,8519,0,0,0,461
84,93381,12,1480,86355,7026,9126,0,0,0,0
85,93434,19,1294,85659,7775,9882,0,0,0,0
86,93400,18,2010,86053,7347,9762,0,0,0,0
87,93451,15,1154,86956,6495,8247,0,0,0,843
88,93476,10,1885,87458,6018,7469,0,0,0,1197
89,93440,11,1885,86870,6570,8332,0,0,0,1166
90,93428,11,1393,87840,5588,7105,0,0,0,1523
91,93442,14,1393,86508,6934,9048,0,0,0,0
92,93446,14,1616,85714,7732,9800,0,0,0,0
93,93431,18,2032,84868,8563,11216,0,0,0,0
94,93382,16,2032,85717,7665,9966,0,0,0,0
95,93376,16,1365,86439,6937,9032,0,0,0,0
96,93349,18,1538,86415,6934,9052,0,0,0,0
97,93518,15,1665,86121,7397,9302,0,0,0,0
98,93382,13,1182,86466,6916,8902,0,0,0,0
99,93365,18,1654,86005,7360,9530,0,0,0,0
100,93429,13,1371,86921,6508,8642,0,0,0,0
101,93439,15,1371,86082,7357,9376,0,0,0,0
102,93467,14,1538,86130,7337,9566,0,0,0,0
103,93345,17,1540,86296,7049,9318,0,0,0,0
104,93382,12,1735,87007,6375,8280,0,0,0,804
105,93382,9,1735,87376,6006,7464,0,0,0,1460
106,93449,11,1706,87775,5674,7586,0,0,0,1214
107,93474,13,1706,86692,6782,8798,0,0,0,684
108,93420,18,1235,85891,7529,9412,0,0,0,0
109,93313,17,1218,85622,7691,9802,0,0,0,0
110,93428,15,1274,86564,6864,8952,0,0,0,0
111,93447,11,1433,86958,6489,8534,0,0,0,614
112,93383,17,1157,86160,7223,9442,0,0,0,0
113,93272,17,1496,85738,7534,9618,0,0,0,0
114,93285,15,1761,86507,6778,9092,0,0,0,0
115,93315,26,1761,84191,9124,11554,0,0,0,0
116,93424,15,1307,86426,6998,9106,0,0,0,0
117,93485,15,1704,86246,7239,9426,0,0,0,0
118,93285,20,1219,86079,7206,9102,0,0,0,0
119,93555,17,1231,86178,7377,9502,0,0,0,0
120,93486,10,1654,87400,6086,7677,0,0,0,1555
121,93376,15,1704,86157,7219,9350,0,0,0,0
122,93371,11,1654,87584,5787,7480,0,0,0,1102
123,93434,20,1363,85694,7740,9796,0,0,0,0
124,93381,15,1654,86416,6965,9200,0,0,0,0
125,93447,15,1499,85651,7796,10076,0,0,0,608
126,93335,12,1924,87462,5873,7502,0,0,0,1258
127,93415,10,1924,87277,6138,7865,0,0,0,1023
128,93434,9,1746,87902,5532,6666,0,0,2315,1101
129,93400,5,1746,89837,3563,4003,0,0,5058,417
130,93378,10,1226,88653,4725,5464,0,0,4878,0
131,93400,10,1226,87618,5782,6934,0,0,3704,0
132,93324,13,1959,86780,6544,7941,0,0,3219,0
133,93412,11,1959,87918,5494,6536,0,0,4318,0
134,93340,5,1212,90064,3276,3799,0,0,4171,1542
135,93489,11,1646,88203,5286,6340,0,0,3874,0
136,93396,9,1232,89085,4311,4923,0,0,5157,0
137,93323,10,1298,88278,5045,5908,0,0,4292,0
138,92682,9,1512,87844,4838,5740,0,0,4590,0
139,92605,8,1512,87940,4665,5417,0,0,4841,0
140,93395,12,1709,86054,7341,9360,0,0,0,0
141,93389,19,1478,86093,7296,9274,0,0,0,0
142,93277,18,1890,86324,6953,9280,0,0,0,0
143,93353,18,1255,86504,6849,9014,0,0,0,0
144,93383,17,1744,85587,7796,9972,0,0,0,0
145,93395,15,1744,86224,7171,9333,0,0,0,229
146,93382,13,1992,86047,7335,9335,0,0,0,303
147,93404,11,1992,87727,5677,7203,0,0,0,1911
148,93350,15,1274,86466,6884,8904,0,0,0,0
149,93412,19,1282,85683,7729,9862,0,0,0,0
150,93427,10,1472,87520,5907,7552,0,0,0,946
151,93413,14,1429,86508,6905,8864,0,0,0,0
152,93376,7,1428,88759,4617,5579,0,0,3287,970
153,93309,6,1428,88898,4411,5316,0,0,4059,901
154,93368,13,1664,86942,6426,8227,0,0,0,977
155,92228,5,1304,88494,3734,4368,0,0,4227,913
156,93420,10,1568,88299,5121,6264,0,0,3798,0
157,93356,12,1286,87363,5993,7355,0,0,2869,0
158,93263,10,1131,89015,4248,4874,0,0,5128,0
159,93320,14,1568,86322,6998,8467,0,0,2445,0
160,93333,17,1533,85970,7363,9626,0,0,0,0
161,93392,16,1696,86144,7248,9412,0,0,0,0
162,93393,15,1705,86089,7304,9628,0,0,0,0
163,93407,16,1705,86679,6728,8930,0,0,0,0
164,93308,10,1823,87787,5521,6432,0,0,4248,0
165,93332,14,1390,87324,6008,7274,0,0,3320,0
166,93347,7,1240,89074,4273,4905,0,0,5211,0
167,93285,16,1423,85956,7329,9219,0,0,1203,0
168,91920,10,1529,86653,5267,6365,0,0,3609,0
169,93289,9,987,89064,4225,4820,0,0,5054,0
170,93327,19,1529,85419,7908,10110,0,0,0,0
171,93349,14,1504,86270,7079,9156,0,0,0,0
172,93297,15,1249,86365,6932,8902,0,0,0,0
173,93312,9,1195,89044,4268,4873,0,0,5251,0
174,93463,17,1392,86284,7179,8789,0,0,1733,0
175,93313,10,1392,88672,4641,5289,0,0,5217,0
176,93340,12,2132,86032,7308,9482,0,0,0,520
177,93367,12,1688,87383,5984,7857,0,0,0,1543
178,93388,16,1703,85879,7509,9772,0,0,0,0
179,93383,17,1475,85815,7568,9838,0,0,0,0
180,93327,15,1515,86008,7319,9785,0,0,0,277
181,93384,18,1562,85388,7996,10620,0,0,0,0
182,93373,14,1943,86179,7194,9304,0,0,0,0
183,93295,16,1943,85910,7385,9392,0,0,0,0
184,92786,7,1151,89395,3391,3906,0,0,4921,1511
185,92814,10,1304,87654,5160,6197,0,0,4081,188
186,93330,13,2221,86991,6339,8361,0,0,0,1307
187,93294,10,2221,86561,6733,8766,0,0,0,506
188,93392,9,1356,87786,5606,6749,0,0,3005,0
189,93302,11,1611,87311,5991,7245,0,0,3289,0
190,93204,12,1417,87636,5568,6729,0,0,3645,0
191,93174,11,1611,87735,5439,6430,0,0,4168,0
192,93571,18,1715,85835,7736,9858,0,0,0,0
193,93324,18,1715,85399,7925,10090,0,0,0,0
194,93461,13,1435,86477,6984,8982,0,0,0,0
195,93464,14,1435,86493,6971,9198,0,0,0,0
196,93457,16,1357,86208,7249,9190,0,0,0,0
197,93351,17,1421,86216,7135,9356,0,0,0,0
198,93425,19,1229,86554,6871,9020,0,0,0,0
199,93394,18,1890,86089,7305,9556,0,0,0,0
200,93421,10,1512,87684,5737,7627,0,0,0,1181
201,93425,9,1348,87343,6082,7663,0,0,0,971
202,93439,14,1433,86488,6951,9212,0,0,0,490
203,93427,13,1357,86275,7152,9016,0,0,0,0
204,93443,14,1734,85745,7698,9850,0,0,0,0
205,93425,15,1646,86084,7341,9792,0,0,0,0
206,93486,9,1646,86999,6487,8295,0,0,0,1253
207,93458,10,1734,88012,5446,7031,0,0,0,1809
208,93433,11,2168,87070,6363,8066,0,0,0,1078
209,93430,15,2168,86770,6660,9026,0,0,0,536
210,93438,13,1477,87188,6250,8169,0,0,0,947
211,93408,10,1529,87265,6143,8033,0,0,0,935
212,93415,17,1730,85744,7671,9692,0,0,0,0
213,93342,15,1730,85833,7509,9958,0,0,0,0
214,93485,17,1328,85923,7562,9978,0,0,0,0
215,93394,19,1347,86309,7085,9240,0,0,0,0
216,93422,12,1770,87074,6348,8083,0,0,0,1267
217,93438,7,1770,87640,5798,7272,0,0,0,1278
218,93550,16,1603,86697,6853,8938,0,0,0,0
219,93346,12,1603,86578,6768,8738,0,0,0,1124
220,93411,16,1684,86807,6604,8916,0,0,0,0
221,93390,15,1684,85460,7930,10102,0,0,0,0
222,93332,19,1504,85743,7589,10064,0,0,0,0
223,93438,12,1529,86366,7072,8930,0,0,0,0
224,93436,11,1743,87332,6104,7715,0,0,0,1771
225,93533,10,1743,87375,6158,8010,0,0,0,992
226,93508,16,1227,85980,7528,9534,0,0,0,0
227,93472,12,1511,87303,6169,7865,0,0,0,1105
228,93489,9,1829,87605,5884,7471,0,0,0,1571
229,93461,15,1829,86117,7344,9352,0,0,0,0
230,93437,13,1384,86688,6749,8474,0,0,0,654
231,93454,15,1217,86354,7100,9162,0,0,0,0
232,93427,14,1923,85768,7659,9956,0,0,0,0
233,93512,13,1893,86635,6877,8804,0,0,0,0
234,93517,15,1923,85691,7826,9798,0,0,0,0
235,93488,11,1180,87678,5810,7659,0,0,0,1335
236,93397,14,1780,87068,6329,8036,0,0,0,1432
237,93500,16,1780,85969,7531,9757,0,0,0,203
238,93461,10,1551,88081,5380,6898,0,0,0,2190
239,93478,7,1551,88552,4926,6163,0,0,0,2035
240,93412,12,1862,86636,6776,8674,0,0,0,1050
241,93475,9,1862,87761,5714,7213,0,0,0,1589
242,93442,9,1832,88377,5065,6456,0,0,0,1896
243,93507,15,1832,86071,7436,9820,0,0,0,404
244,93470,13,1660,86168,7302,9526,0,0,0,0
245,93452,17,1660,85766,7686,9866,0,0,0,0
246,93412,17,1282,86183,7229,9304,0,0,0,0
247,93377,14,1703,85818,7559,9626,0,0,0,0
248,91935,9,1840,85659,6276,8276,0,0,0,1294
249,93385,11,1840,87368,6017,8176,0,0,0,1594
250,93426,11,1706,87263,6163,7840,0,0,0,1520
251,82421,7,1698,77822,4599,5994,0,0,0,1922
252,93409,16,1869,86158,7251,9282,0,0,0,0
253,93424,17,1869,86301,7123,9592,0,0,0,0
254,93409,11,1644,86364,7045,8915,0,0,0,385
255,93377,12,1644,86878,6499,8587,0,0,0,839
256,93422,7,1566,88863,4559,5769,0,0,0,2481
257,93367,11,1434,87445,5922,7590,0,0,0,1490
258,93439,10,1566,86999,6440,8332,0,0,0,588
259,93377,13,1518,86349,7028,9116,0,0,0,0
260,93338,13,1409,87654,5684,7133,0,0,0,1731
261,93391,7,1442,88670,4721,6069,0,0,0,2295
262,93359,13,1451,87366,5993,8031,0,0,0,1085
263,93344,15,1451,86436,6908,9142,0,0,0,0
264,93344,16,1384,85964,7380,9588,0,0,0,0
265,93418,10,1653,87566,5852,7325,0,0,0,1569
266,93439,9,1653,87201,6238,7855,0,0,0,1025
267,93371,15,1285,86488,6883,9120,0,0,0,0
268,93448,14,1518,86349,7099,9186,0,0,0,0
269,93312,18,1464,86235,7077,9294,0,0,0,0
270,93418,10,1434,87584,5834,7416,0,0,0,1312
271,93429,13,1464,87189,6240,7892,0,0,0,850
272,93409,9,1395,88836,4573,5223,0,0,5139,0
273,93346,18,1395,85947,7399,9233,0,0,1863,0
274,93397,10,910,89089,4308,4957,0,0,5275,0
275,93440,16,1462,86387,7053,9052,0,0,0,0
276,93446,17,1462,86207,7239,9110,0,0,0,0
277,93352,17,1361,86037,7315,9328,0,0,0,0
278,93377,11,1259,87988,5389,6509,0,0,3859,0
279,93461,8,1185,88712,4749,5529,0,0,4389,0
280,93378,18,1259,85497,7881,10024,0,0,0,0
281,93407,13,1259,87195,6212,7568,0,0,2812,0
282,93351,12,1466,87307,6044,7729,0,0,0,1155
283,93380,13,1466,87322,6058,7683,0,0,0,1121
284,93383,14,1468,86473,6910,8396,0,0,1608,0
285,93411,10,1468,88986,4425,5085,0,0,4801,0
286,93390,6,1133,89643,3747,4303,0,0,4790,1013
287,93462,8,1057,89600,3862,4593,0,0,3699,1452
288,93338,8,1328,88753,4585,5915,0,0,0,2515
289,93383,14,1328,87331,6052,7800,0,0,0,948
290,93417,9,1909,88435,4982,6430,0,0,0,2222
291,93403,7,1909,88747,4656,5877,0,0,0,2349
292,93359,16,1877,86046,7313,9344,0,0,0,0
293,93397,15,1877,85840,7557,9862,0,0,0,0
294,93352,7,1699,88634,4718,5975,0,0,0,2259
295,93372,12,1699,86542,6830,8750,0,0,0,986
296,93323,11,1388,87788,5535,6632,0,0,3318,0
297,91477,8,1262,87785,3692,4457,0,0,3203,1590
298,93262,6,1619,88443,4819,5720,0,0,3444,786
299,93300,4,1619,90566,2734,3164,0,0,4082,2174
300,93173,7,1710,88931,4242,4853,0,0,4709,868
301,93351,11,1710,86899,6452,7762,0,0,2572,0
302,93416,11,1388,88058,5358,6464,0,0,3730,0
303,91842,5,1396,88290,3552,4144,0,0,4214,962
304,93290,16,1428,86103,7187,9062,0,0,0,634
305,93376,19,1252,85403,7973,10276,0,0,0,0
306,93295,16,1862,85584,7711,9854,0,0,0,258
307,93424,9,1862,87840,5584,7018,0,0,0,1408
308,93364,15,1534,86430,6934,8858,0,0,0,0
309,93439,14,1534,86643,6796,9150,0,0,0,0
310,93379,9,1606,87925,5454,6803,0,0,0,1901
311,93411,9,1606,87521,5890,7428,0,0,0,1686
312,93467,14,1850,86885,6582,8015,0,0,2319,0
313,93357,9,1850,88587,4770,5397,0,0,5037,0
314,93332,11,1214,88127,5205,6115,0,0,3909,0
315,93404,12,1214,87699,5705,6957,0,0,3439,0
316,93271,10,1155,88302,4969,5761,0,0,4493,0
317,92232,6,1157,88709,3523,4022,0,0,5017,1085
318,93332,11,1096,88674,4658,5359,0,0,5085,0
319,93357,7,1447,89300,4057,4707,0,0,4454,1155
320,91621,11,1484,85621,6000,7423,0,0,2661,0
321,93369,19,1544,85401,7968,10128,0,0,0,0
322,93244,8,1380,87942,5302,6264,0,0,4106,0
323,93154,8,1473,88548,4606,5351,0,0,4893,0
324,93316,10,1615,87122,6194,7532,0,0,2277,965
325,93326,5,1578,89989,3337,3835,0,0,4571,1004
326,93261,12,1192,88092,5169,6112,0,0,4542,0
327,93278,15,1615,86097,7181,9250,0,0,0,0
328,93231,9,1174,88671,4560,5183,0,0,4963,0
329,93295,8,1174,89125,4170,4707,0,0,5413,0
330,93279,17,1637,85785,7494,9584,0,0,0,0
331,93357,17,1474,85774,7583,9631,0,0,649,0
332,93331,12,1524,86563,6768,8271,0,0,1547,476
333,93275,6,1524,89377,3898,4500,0,0,4100,1180
334,93261,5,1796,89227,4034,4665,0,0,4433,1368
335,93194,11,1796,87452,5742,6957,0,0,2953,428
336,93308,12,1754,87134,6174,7859,0,0,0,1273
337,93326,7,1754,88320,5006,6396,0,0,0,1914
338,93395,19,1832,85643,7752,10032,0,0,0,0
339,93323,13,1832,86179,7144,9161,0,0,0,299
340,93431,9,1805,88217,5214,6594,0,0,0,2594
341,93348,11,1517,87131,6217,7871,0,0,0,827
342,93424,16,1637,85894,7530,9708,0,0,0,0
343,93354,14,1805,87125,6229,8124,0,0,0,1074
344,93333,16,1597,86180,7153,9478,0,0,0,0
345,93446,12,1597,87647,5799,7564,0,0,0,1348
346,93339,7,1754,88571,4768,6256,0,0,0,2430
347,93378,9,1754,86902,6476,8305,0,0,0,769
348,93326,15,1544,86124,7202,9192,0,0,0,0
349,93335,15,1557,85682,7653,9814,0,0,0,0
350,93415,11,1517,87509,5906,7454,0,0,0,1100
351,93417,10,1497,87417,6000,7588,0,0,0,1070
352,93419,9,1636,87782,5637,7135,0,0,0,1197
353,93374,13,1743,86471,6903,8704,0,0,0,628
354,93341,11,1580,86710,6631,8165,0,0,0,523
355,93389,10,1636,86915,6474,8177,0,0,0,1365
356,93393,16,1285,86310,7083,9256,0,0,0,0
357,93303,16,1569,86274,7029,9048,0,0,0,0
358,93347,16,1291,86556,6791,8952,0,0,0,0
359,93437,17,1569,86098,7339,9858,0,0,0,0
360,93349,13,1308,88272,5077,5848,0,0,4390,0
361,93408,10,1055,88741,4667,5381,0,0,5425,0
362,93388,11,935,88949,4439,5041,0,0,5751,0
363,93279,10,935,88802,4477,5085,0,0,4863,0
364,93307,15,1718,85874,7433,9374,0,0,0,0
365,93322,15,1718,85721,7601,9774,0,0,0,0
366,93359,14,1338,86460,6899,8882,0,0,0,0
367,93339,19,1402,86087,7252,9348,0,0,0,0
368,93435,15,1538,86573,6862,9040,0,0,0,0
369,93431,15,1538,86308,7123,9156,0,0,0,0
370,93443,19,1557,85874,7569,10028,0,0,0,0
371,93323,16,1664,85844,7479,9580,0,0,0,0
372,93500,12,2137,87033,6467,8107,0,0,0,919
373,93312,13,1605,86633,6679,8422,0,0,0,802
374,93388,10,1414,87568,5820,7435,0,0,0,1339
375,93443,14,1414,86021,7422,9488,0,0,0,226
376,91581,12,1623,86497,5084,6000,0,0,4032,0
377,93396,14,1623,86263,7133,8939,0,0,1271,0
378,93409,8,1255,89039,4370,5010,0,0,5092,0
379,93391,19,1368,85994,7397,9308,0,0,0,0
380,93308,9,1144,88478,4830,5531,0,0,5433,0
381,93392,5,1308,88955,4437,5063,0,0,5307,0
382,93350,16,1664,85797,7553,9656,0,0,0,0
383,93295,14,1380,86340,6955,8468,0,0,2524,0
384,93389,10,1520,88583,4806,5645,0,0,5051,0
385,93423,7,1486,88703,4720,5586,0,0,4464,0
386,93400,10,1098,88902,4498,5262,0,0,5968,0
387,93352,17,1491,86069,7283,9334,0,0,0,0
388,93474,14,1247,86926,6548,7847,0,0,2517,0
389,93429,7,1247,89343,4086,4637,0,0,5565,0
390,93353,13,1669,88062,5291,6209,0,0,5073,0
391,93411,15,1669,86097,7314,9131,0,0,1093,0
392,93352,10,1607,87354,5998,7194,0,0,2555,477
393,93464,5,1607,90221,3243,3685,0,0,4800,1403
394,93504,13,1584,87618,5886,7023,0,0,3947,0
395,93412,6,1584,89310,4102,4800,0,0,3898,1546
396,93393,13,1977,87261,6132,8011,0,0,0,1087
397,93376,14,1977,86020,7356,9510,0,0,0,210
398,93407,12,1709,87349,6058,7587,0,0,0,1365
399,93381,16,1868,85290,8091,10356,0,0,0,0
400,93379,11,1486,87003,6376,7740,0,0,3372,0
401,93430,11,1194,87972,5458,6681,0,0,3675,0
402,93398,14,1410,87335,6063,7314,0,0,2908,0
403,93482,11,1410,88417,5065,5951,0,0,5037,0
404,93413,15,1814,85874,7539,9714,0,0,0,0
405,93321,14,1814,86226,7095,9224,0,0,0,0
406,93423,16,1699,86175,7248,9548,0,0,0,0
407,93383,17,1585,86304,7079,9144,0,0,0,0
408,93405,12,1530,87204,6201,8075,0,0,0,1339
409,93386,14,1530,86391,6995,9130,0,0,0,0
410,93466,10,1450,87629,5837,7661,0,0,0,1079
411,93365,14,1652,86018,7347,9522,0,0,0,0
412,93445,8,1341,88868,4577,5231,0,0,5301,0
413,93408,8,1769,88986,4422,4997,0,0,5277,160
414,93455,11,1769,87920,5535,6812,0,0,1317,1947
415,93387,17,1268,86114,7273,9324,0,0,0,0
416,93372,11,1872,87063,6309,7920,0,0,0,1014
417,93417,11,2057,86843,6574,8407,0,0,0,849
418,93408,15,1313,86187,7221,9226,0,0,0,0
419,93487,18,1996,85667,7820,10028,0,0,0,0
420,93466,9,2124,88974,4492,5632,0,0,0,3052
421,93414,12,2124,86033,7381,9469,0,0,0,407
422,93378,14,1850,86360,7018,8808,0,0,0,508
423,93465,13,1850,87759,5706,7554,0,0,0,1224
424,93408,18,1996,86273,7135,9266,0,0,0,0
425,93457,14,1692,86368,7089,9112,0,0,0,834
426,93516,16,1962,86090,7426,9372,0,0,0,86
427,93442,11,1962,87544,5898,7566,0,0,0,1982
428,93437,10,1611,88060,5377,6815,0,0,0,2163
429,93330,10,1611,87230,6100,7633,0,0,0,1147
430,93529,16,1464,86272,7257,9242,0,0,0,0
431,93442,8,1464,88479,4963,6402,0,0,0,2048
432,93465,15,1894,85789,7676,9920,0,0,0,0
433,93462,12,1433,87150,6312,8063,0,0,0,1209
434,93446,13,1672,86323,7123,9160,0,0,0,0
435,93385,12,1505,87784,5601,7350,0,0,0,1566
436,93399,12,1699,86324,7075,9216,0,0,0,0
437,93376,18,1379,86098,7278,9700,0,0,0,0
438,93334,14,1743,86442,6892,8852,0,0,0,930
439,93389,16,1743,86175,7214,9440,0,0,0,0
440,93347,16,1733,86063,7284,9182,0,0,0,0
441,93462,17,1894,85956,7506,9728,0,0,0,0
442,93361,16,1526,85847,7514,9644,0,0,0,0
443,93365,14,1526,86307,7058,9136,0,0,0,0
444,93397,15,1554,86297,7100,9182,0,0,0,0
445,93375,16,1554,86209,7166,9460,0,0,0,0
446,93353,15,1949,85590,7763,9669,0,0,1119,0
447,93372,17,1949,85851,7521,9566,0,0,0,0
448,93352,9,1080,88846,4506,5106,0,0,4862,0
449,93397,9,1049,89175,4222,4807,0,0,5133,0
450,93294,16,1312,86222,7072,8948,0,0,0,0
451,93320,17,1239,85994,7326,9366,0,0,0,0
452,93291,15,1399,86358,6933,8898,0,0,0,0
453,93464,16,1399,86538,6926,8552,0,0,2762,0
454,93441,11,1003,89097,4344,4911,0,0,5183,0
455,93349,7,1031,89038,4311,4860,0,0,5390,0
456,93365,17,1386,86153,7212,9486,0,0,0,0
457,93340,17,1386,86195,7145,9170,0,0,0,0
458,93442,10,1492,89141,4301,4916,0,0,5020,0
459,93309,20,1492,84720,8589,10546,0,0,820,0
460,93438,12,1517,87760,5678,6691,0,0,4141,0
461,93442,8,1308,88688,4754,5571,0,0,4721,0
462,93394,10,1240,89103,4291,4938,0,0,4886,0
463,93420,16,1517,86282,7138,8863,0,0,1183,0
464,93366,16,2097,85817,7549,10006,0,0,0,0
465,93358,14,1358,86593,6765,8928,0,0,0,0
466,93358,15,1647,86373,6985,8992,0,0,0,0
467,93395,16,1647,86363,7032,9500,0,0,0,0
468,93403,16,1521,86273,7130,9102,0,0,0,0
469,93418,9,2084,86854,6564,8735,0,0,0,773
470,93383,9,2206,87611,5772,7433,0,0,0,1151
471,93452,16,2206,85046,8406,10688,0,0,0,738
472,93332,17,1738,85543,7789,9874,0,0,0,278
473,93382,15,1738,86310,7072,8992,0,0,0,0
474,93399,12,1574,87159,6240,7977,0,0,0,881
475,93395,9,1574,87372,6023,7826,0,0,0,1074
476,93389,20,1274,85676,7713,9752,0,0,0,0
477,93377,14,1551,86753,6624,8990,0,0,0,0
478,93327,14,2359,85942,7385,9914,0,0,0,0
479,93329,15,2359,86293,7036,9532,0,0,0,0
480,93389,11,1642,87641,5748,6859,0,0,3525,0
481,93357,11,1642,87694,5663,6806,0,0,3264,0
482,93319,11,1506,86978,6341,7549,0,0,2685,0
483,93364,18,1152,86611,6753,9098,0,0,0,0
484,93450,13,1296,87434,6016,7310,0,0,3618,0
485,93345,10,1256,88810,4535,5193,0,0,5237,0
486,93358,9,1297,88591,4767,5493,0,0,5057,0
487,93442,10,1437,88402,5040,5812,0,0,4684,0
488,93339,17,1282,85654,7685,9780,0,0,0,0
489,93417,9,1377,87577,5840,7264,0,0,2982,0
490,93431,7,1564,89006,4425,5032,0,0,5166,0
491,93333,11,1564,87087,6246,7718,0,0,2988,0
492,93379,17,1418,86072,7307,9348,0,0,0,0
493,93433,17,1418,86558,6875,9076,0,0,0,0
494,93377,11,1124,87962,5415,6324,0,0,4450,0
495,93383,12,1144,87914,5469,6538,0,0,3572,0
496,93344,14,1670,86112,7232,9776,0,0,0,0
497,93360,16,1670,86123,7237,9464,0,0,0,0
498,93449,15,1192,86056,7393,9456,0,0,0,0
499,93360,16,1698,86301,7059,9064,0,0,0,0
500,93358,10,2084,86933,6425,7983,0,0,0,1269
501,93391,11,1932,86236,7155,9070,0,0,0,750
502,93398,13,1932,85919,7479,9525,0,0,0,299
503,93447,14,2137,86269,7178,9327,0,0,0,625
504,93414,9,1650,87473,5941,7593,0,0,0,1023
505,93380,12,1567,86536,6844,8857,0,0,0,249
506,93548,10,1466,87734,5814,7365,0,0,0,1287
507,93347,13,1466,86529,6818,8649,0,0,0,753
508,93388,14,1353,86257,7131,9158,0,0,0,0
509,93402,22,1681,85691,7711,9890,0,0,0,0
510,93463,16,1698,86330,7133,9054,0,0,0,0
511,93385,19,2010,85065,8320,10492,0,0,0,0
512,93241,19,1698,85222,8019,10064,0,0,0,0
513,93376,18,1698,86182,7194,9202,0,0,0,0
514,93307,15,1725,86138,7169,9472,0,0,0,0
515,93432,10,1157,87546,5886,7447,0,0,0,1303
516,93388,10,1829,87129,6259,7938,0,0,0,1120
517,93331,9,1829,87755,5576,7080,0,0,0,2048
518,93390,12,2053,86479,6911,8778,0,0,0,744
519,93418,14,1656,86720,6698,8646,0,0,0,694
520,93274,14,1596,86521,6753,9040,0,0,0,0
521,93368,20,1492,86116,7252,9408,0,0,0,0
522,93431,18,1609,85927,7504,9680,0,0,0,0
523,93328,12,1609,86817,6511,8202,0,0,0,972
524,93478,10,1340,87813,5665,7166,0,0,0,1274
525,93422,11,1800,87385,6037,7737,0,0,0,1393
526,93298,8,2012,88056,5242,6698,0,0,0,2080
527,93277,14,2012,85778,7499,9501,0,0,0,469
528,93328,9,1246,88559,4769,5648,0,0,4140,0
529,93287,7,1084,89052,4235,4890,0,0,5238,0
530,93276,15,1168,86262,7014,8698,0,0,1994,0
531,93285,9,1168,88941,4344,4948,0,0,5558,0
532,93319,11,1713,87288,6031,7693,0,0,0,1269
533,92998,6,1157,89574,3424,4059,0,0,4064,1573
534,93225,13,1334,87161,6064,7355,0,0,2869,0
535,89143,8,1334,84339,4804,5680,0,0,4196,0
536,93293,16,1480,85624,7669,9505,0,0,949,0
537,93354,9,1480,89263,4091,4690,0,0,5632,0
538,93319,11,1370,88068,5251,6332,0,0,3816,0
539,93418,11,1370,87777,5641,6916,0,0,3518,0
540,93274,8,1654,88904,4370,5294,0,0,3087,1367
541,93370,11,1654,87842,5528,6553,0,0,3729,0
542,93287,12,1663,87108,6179,7663,0,0,2879,0
543,93358,8,1663,89391,3967,4742,0,0,3909,1683
544,93357,13,1470,87455,5902,7100,0,0,3710,0
545,93442,6,1470,89024,4418,5144,0,0,4564,0
546,93368,9,1429,88203,5165,6157,0,0,3739,0
547,93360,11,1276,87734,5626,6771,0,0,3519,0
548,93352,12,1612,87432,5920,7110,0,0,3278,0
549,93388,10,1612,87293,6095,7249,0,0,3293,0
550,93394,15,1445,85967,7427,9418,0,0,0,0
551,93363,9,1080,89386,3977,4491,0,0,5615,0
552,93308,12,1364,87072,6236,7634,0,0,2578,0
553,93411,7,1244,89537,3874,4394,0,0,5458,0
554,93371,11,1584,88378,4993,6018,0,0,4044,0
555,93313,13,1584,87090,6223,7449,0,0,3151,0
556,93333,11,1154,88436,4897,5827,0,0,4075,0
557,93440,13,1164,87875,5565,6773,0,0,3461,0
558,93353,10,1276,88130,5223,6259,0,0,3867,0
559,93389,13,1126,87657,5732,6864,0,0,3206,0
560,93396,10,1387,87426,5970,7616,0,0,0,1062
561,93381,11,1576,87055,6326,8008,0,0,0,1020
562,93431,16,1539,85969,7462,9806,0,0,0,0
563,93385,13,1346,87332,6053,7724,0,0,0,1122
564,93312,14,1518,86107,7205,9664,0,0,0,0
565,93349,13,1518,86564,6785,8816,0,0,0,0
566,93365,9,1943,87159,6206,7876,0,0,0,1022
567,93453,9,1943,86934,6519,8107,0,0,0,1159
568,93419,17,1150,86452,6967,9004,0,0,0,0
569,93349,18,969,86220,7129,9168,0,0,0,0
570,93381,15,1297,86518,6863,8830,0,0,0,0
571,93432,16,1431,86077,7355,9546,0,0,0,0
572,93304,15,1934,86141,7163,9350,0,0,0,0
573,93352,16,1934,85774,7578,9830,0,0,0,0
574,93409,19,1339,86124,7285,9648,0,0,0,0
575,93322,16,1385,86015,7307,9216,0,0,0,0
576,93429,12,1974,86109,7320,9184,0,0,0,1072
577,93426,15,2021,86079,7347,9644,0,0,0,0
578,93426,16,2021,86158,7268,9736,0,0,0,0
579,93439,16,1579,86034,7405,9486,0,0,0,0
580,93415,10,1223,87704,5711,7159,0,0,0,1669
581,93414,13,1114,86366,7048,8901,0,0,0,863
582,93420,15,1471,86643,6777,8874,0,0,0,0
583,93324,15,1471,86392,6932,9168,0,0,0,0
584,93036,7,1127,88947,4089,4651,0,0,4955,0
585,93365,12,1127,88351,5014,5734,0,0,4954,0
586,93443,20,1657,85739,7704,9944,0,0,0,0
587,93366,14,1557,86589,6777,8142,0,0,2374,0
588,93400,11,1187,88501,4899,5648,0,0,4676,0
589,93294,16,1588,86081,7213,9196,0,0,0,0
590,93412,15,1464,86273,7139,8790,0,0,1304,0
591,93270,6,1464,89305,3965,4565,0,0,5245,0
592,93357,7,2067,88666,4691,6097,0,0,0,2651
593,93404,10,2067,86975,6429,8274,0,0,0,992
594,93342,15,2053,86522,6820,8634,0,0,0,872
595,93400,14,1737,86712,6688,8673,0,0,0,411
596,93456,9,1236,88723,4733,5586,0,0,3754,480
597,93375,6,1359,90156,3219,3891,0,0,3645,1878
598,93413,11,1359,88047,5366,6461,0,0,4321,0
599,93304,8,1346,88613,4691,5461,0,0,4925,0
600,93392,14,1684,87031,6361,7885,0,0,0,1235
601,93422,11,1684,87475,5947,7444,0,0,161,1529
602,93518,9,1937,87433,6085,7680,0,0,0,1382
603,93422,11,1937,87444,5978,7436,0,0,0,1244
604,93408,11,1387,88069,5339,6366,0,0,3602,0
605,93413,9,1550,89112,4301,4889,0,0,5041,0
606,93426,7,1054,89644,3782,4191,0,0,5049,814
607,93503,12,1550,86999,6504,7784,0,0,2602,0
608,93429,12,1752,87173,6256,8135,0,0,0,1415
609,93486,13,1590,87198,6288,7895,0,0,0,987
610,93425,18,1720,86020,7405,9768,0,0,0,0
611,93376,15,1752,86010,7366,9450,0,0,0,0
612,93438,9,2118,87978,5460,7213,0,0,0,1099
613,93415,12,2118,86404,7011,8568,0,0,0,1252
614,93361,13,1684,86288,7073,9224,0,0,0,0
615,93394,22,1684,85554,7840,10154,0,0,0,0
616,93448,15,1261,86386,7062,9166,0,0,0,0
617,93459,15,1339,86469,6990,9072,0,0,0,0
618,93410,18,1895,85727,7683,9922,0,0,0,0
619,93360,9,1895,87755,5605,7042,0,0,0,1808
620,93380,11,1923,86682,6698,8420,0,0,0,872
621,93378,11,1576,87067,6311,7947,0,0,0,885
622,93352,16,1519,86245,7107,9166,0,0,0,0
623,93395,16,1550,85985,7410,9716,0,0,0,0
624,93318,18,1736,85588,7730,9918,0,0,0,0
625,93322,15,1736,85938,7384,9524,0,0,0,0
626,93313,9,1428,88978,4335,4890,0,0,5122,0
627,93415,15,1551,86809,6606,8049,0,0,2243,0
628,93384,11,1198,87927,5457,6426,0,0,3732,0
629,93328,10,1198,88927,4401,4953,0,0,5211,0
630,93367,15,1679,86336,7031,8874,0,0,0,0
631,93311,16,2034,85816,7495,9664,0,0,0,0
632,93072,7,1745,88210,4862,5518,0,0,5530,0
633,93334,7,1265,88933,4401,5006,0,0,5002,0
634,93381,16,1334,86195,7186,8936,0,0,0,0
635,93262,16,1745,85982,7280,8908,0,0,1772,0
636,93384,10,1398,88334,5050,6005,0,0,4405,0
637,93408,15,1398,87659,5749,6971,0,0,3299,0
638,93334,14,2034,85811,7523,9650,0,0,0,0
639,93436,18,1587,85442,7994,10059,0,0,1813,0
640,93391,22,1421,86023,7368,9410,0,0,0,0
641,93375,11,1421,87488,5887,7489,0,0,0,1621
642,93430,7,1464,89316,4114,4687,0,0,4616,761
643,93387,6,1464,89024,4363,4930,0,0,5020,432
644,93394,10,1578,87393,6001,7605,0,0,0,1541
645,91550,5,1125,88553,2997,3498,0,0,3848,1988
646,93359,9,1299,87903,5456,6379,0,0,3811,0
647,91565,6,1136,87936,3629,4226,0,0,4014,1084
648,93375,13,1585,87269,6106,7631,0,0,1287,1446
649,91711,7,1585,87887,3824,4389,0,0,5245,0
650,93329,11,1454,87822,5507,6829,0,0,1944,1531
651,93380,9,1454,88318,5062,5893,0,0,4559,0
652,93236,9,1226,88930,4306,4898,0,0,5294,0
653,93369,20,1328,85729,7640,9614,0,0,0,0
654,93422,12,1835,87449,5973,7145,0,0,3299,0
655,93345,9,1835,88274,5071,5829,0,0,4489,0
656,93433,12,1708,85837,7596,9984,0,0,0,0
657,93382,16,1652,86580,6802,8638,0,0,0,0
658,93419,13,1747,86278,7141,9071,0,0,0,381
659,93374,11,1708,86887,6487,8347,0,0,0,969
660,93382,9,1286,88273,5109,6505,0,0,0,1943
661,93486,10,1319,87434,6052,7618,0,0,0,1280
662,93417,4,2068,89281,4136,5233,0,0,0,3177
663,93404,8,2068,87975,5429,6979,0,0,0,1879
664,93418,15,1373,86164,7254,9188,0,0,0,0
665,93407,11,991,87755,5652,7075,0,0,0,1513
666,93332,15,1631,86171,7161,9340,0,0,0,0
667,93424,13,1631,86400,7024,9202,0,0,0,0
668,93406,10,1430,87740,5666,7502,0,0,0,1326
669,93393,11,1202,87926,5467,7170,0,0,0,1498
670,93465,9,1792,88293,5172,6729,0,0,0,1953
671,93435,7,1306,88662,4773,5978,0,0,0,2460
672,93415,12,1269,87618,5797,6910,0,0,3434,0
673,93454,8,1269,89139,4315,4827,0,0,5307,0
674,93462,6,1148,89577,3885,4636,0,0,3330,1564
675,93429,7,1217,88978,4451,5295,0,0,3092,1127
676,93411,9,1172,89057,4354,4975,0,0,4881,0
677,93513,6,980,89878,3635,4165,0,0,4555,1290
678,93519,8,1217,88244,5275,6199,0,0,3813,0
679,93454,9,1128,88235,5219,6269,0,0,3365,0
680,93142,9,1314,88270,4872,5488,0,0,5070,0
681,93383,14,1094,86944,6439,7770,0,0,2186,0
682,89113,9,1427,84551,4562,5240,0,0,4640,0
683,92993,11,1314,87319,5674,6844,0,0,3310,0
684,93401,10,1056,88635,4766,5623,0,0,4177,0
685,93366,15,1427,85699,7667,9448,0,0,1706,0
686,93394,7,1319,88862,4532,5077,0,0,5373,0
687,93418,11,1254,88118,5300,6452,0,0,3326,0
688,93418,14,1333,86643,6775,8944,0,0,0,0
689,93415,16,1430,85967,7448,9670,0,0,0,0
690,93385,15,1436,85783,7602,9932,0,0,0,0
691,93388,20,1436,86208,7180,9194,0,0,0,0
692,93505,14,1523,87124,6381,8060,0,0,0,1402
693,93475,13,1539,86608,6867,8828,0,0,0,340
694,93475,10,1539,87424,6051,7782,0,0,0,876
695,93420,13,1530,86875,6545,8008,0,0,0,1704
696,93437,14,1406,87381,6056,7734,0,0,0,1054
697,93454,18,1246,86150,7304,9298,0,0,0,0
698,93473,13,1740,86309,7164,9210,0,0,0,0
699,93365,18,1740,85450,7915,10096,0,0,0,0
700,93398,8,2194,87587,5811,7301,0,0,0,1703
701,93449,9,1889,87853,5596,7086,0,0,0,2008
702,93444,13,1747,86954,6490,8293,0,0,0,807
703,93468,8,2194,88052,5416,6915,0,0,0,2209
704,93450,14,2032,87315,6135,7898,0,0,0,1316
705,93491,14,2032,86100,7391,9511,0,0,0,749
706,93436,9,1266,87944,5492,7101,0,0,0,1503
707,93447,18,1495,85836,7611,9820,0,0,0,158
708,93413,15,1413,86121,7292,9438,0,0,0,0
709,93494,12,1421,87225,6269,7878,0,0,0,938
710,93396,16,1132,86602,6794,8898,0,0,0,0
711,93444,11,1530,87102,6342,8069,0,0,0,699
712,93392,11,2148,86285,7107,9031,0,0,0,1155
713,93392,10,2148,87367,6025,7783,0,0,0,941
714,93394,13,1666,86108,7286,9302,0,0,0,0
715,93131,14,1714,86377,6754,8904,0,0,0,0
716,93359,18,2042,85415,7944,10428,0,0,0,0
717,93396,19,1244,86361,7035,9112,0,0,0,0
718,93450,13,1834,86277,7173,9117,0,0,0,269
719,93395,15,1834,87195,6200,7784,0,0,0,1142
720,93101,10,1764,88031,5070,6092,0,0,4290,0
721,93270,9,1185,88723,4547,5134,0,0,5346,0
722,93395,10,1764,87521,5874,7220,0,0,2938,0
723,93436,13,1501,87891,5545,6795,0,0,3541,0
724,93389,10,1546,88344,5045,5733,0,0,5441,0
725,93334,17,1546,87286,6048,7310,0,0,3290,0
726,93331,9,1582,88294,5037,5901,0,0,4387,0
727,93388,11,1582,87172,6216,7676,0,0,3050,0
728,93349,17,2042,86029,7320,9580,0,0,0,0
729,93328,18,1759,85521,7807,10046,0,0,0,0
730,93362,17,1882,86057,7305,9436,0,0,0,0
731,93400,17,1882,85685,7715,9730,0,0,0,0
732,93482,16,1261,86391,7091,9114,0,0,0,0
733,93378,17,1261,85648,7730,9634,0,0,0,0
734,93411,12,1896,85807,7604,9506,0,0,0,0
735,93369,19,1896,85696,7673,9866,0,0,0,0
736,93421,16,1876,86143,7278,9868,0,0,0,0
737,93362,13,1876,86171,7191,9170,0,0,0,0
738,93458,18,2019,85554,7904,10402,0,0,0,0
739,93345,14,1857,86129,7216,9620,0,0,0,0
740,93378,13,1599,87381,5997,7771,0,0,0,1031
741,93413,9,1599,87352,6061,7977,0,0,0,1079
742,93391,16,1526,85519,7872,10090,0,0,0,0
743,93391,12,1454,86692,6699,8499,0,0,0,723
744,93446,16,2133,85749,7697,9818,0,0,0,0
745,93407,9,2133,87510,5897,7389,0,0,0,1491
746,93341,9,1792,87957,5384,6832,0,0,0,1882
747,93421,15,1664,87022,6399,8345,0,0,0,1011
748,93387,7,1796,88464,4923,6341,0,0,0,2617
749,93386,10,1796,87358,6028,7740,0,0,0,1294
750,93411,16,2019,85649,7762,10072,0,0,0,0
751,93437,10,1765,87368,6069,7967,0,0,0,1069
752,93414,9,1926,87787,5627,7123,0,0,0,1467
753,93403,14,1926,85810,7593,9624,0,0,0,0
754,93387,11,1134,88643,4744,5513,0,0,4273,0
755,93351,5,1134,90100,3251,3705,0,0,4683,1134
756,93387,10,1570,87197,6190,7571,0,0,2375,350
757,93460,6,1570,90096,3364,3828,0,0,4564,1288
758,93410,9,1332,88923,4487,5576,0,0,3133,1403
759,93435,11,1253,88756,4679,5453,0,0,5033,0
760,93371,17,1500,85919,7452,9480,0,0,0,0
761,93347,11,928,88986,4361,4955,0,0,5219,0
762,91887,10,1225,87228,4659,5403,0,0,4033,0
763,89813,10,1225,84946,4867,5895,0,0,4089,0
764,93453,8,1131,88844,4609,5302,0,0,5686,0
765,93382,8,1139,88766,4616,5187,0,0,5385,0
766,93316,21,1151,85907,7409,9522,0,0,0,0
767,93365,14,1471,86224,7141,8935,0,0,831,0
768,93327,16,1533,86105,7222,9632,0,0,0,0
769,93401,14,1533,86477,6924,8936,0,0,0,0
770,93370,16,1486,86344,7026,9342,0,0,0,0
771,93390,14,1486,86198,7192,9278,0,0,0,0
772,93415,16,1196,86685,6730,8706,0,0,0,0
773,93383,16,1248,86269,7114,9280,0,0,0,0
774,93344,17,1886,85965,7379,9760,0,0,0,0
775,93366,16,1248,86001,7365,9338,0,0,0,0
776,93366,17,1392,85917,7449,9784,0,0,0,0
777,93317,15,1550,86501,6816,8466,9,703,0,0
778,93376,14,1559,86478,6898,9192,0,0,0,0
779,93401,15,1323,86038,7363,9456,0,0,0,0
780,93407,13,1451,86166,7241,9378,0,0,0,0
781,93329,14,1451,86410,6919,9130,0,0,0,0
782,93427,18,2135,85957,7470,9570,0,0,0,0
783,93326,18,2135,85583,7743,9944,0,0,0,0
784,93433,11,1722,87793,5640,7381,0,0,0,1569
785,93346,15,1487,86449,6897,9072,0,0,0,0
786,93373,10,1593,87431,5942,7661,0,0,0,1065
787,93369,16,1304,86328,7041,9144,0,0,0,0
788,93347,12,1839,87271,6076,7918,0,0,0,1050
789,93386,13,1839,86639,6747,8674,0,0,0,644
790,93390,14,1680,86052,7338,9658,0,0,0,0
791,93390,12,1680,86546,6844,9140,0,0,0,0
792,93363,12,1861,86595,6768,8787,0,0,0,675
793,93403,11,1861,87050,6353,7997,0,0,0,1015
794,93473,15,1839,85489,7984,10389,0,0,0,809
795,93406,17,1498,85878,7528,9632,0,0,0,0
796,93418,17,1498,86153,7265,9388,0,0,0,0
797,93386,14,2112,85909,7477,9586,0,0,0,584
798,93390,12,1898,86611,6779,8699,0,0,0,1349
799,93415,8,2112,88041,5374,6988,0,0,0,2060
800,93199,9,1413,88432,4767,5532,0,0,4956,0
801,93290,9,1413,88365,4925,5808,0,0,4670,0
802,93338,18,2039,85604,7734,10092,0,0,0,0
803,93332,19,2039,85631,7701,9880,0,0,0,0
804,93359,12,1000,88815,4544,5240,0,0,4994,0
805,93414,10,1063,88760,4654,5375,0,0,4673,0
806,93293,13,1838,86538,6755,8141,0,0,3011,0
807,93340,8,1560,88708,4632,5386,0,0,4784,0
808,93342,9,1005,89005,4337,4971,0,0,4949,0
809,93350,7,1430,88960,4390,5013,0,0,5203,0
810,93384,17,1369,86074,7310,9120,0,0,0,0
811,93403,18,1369,85924,7479,9452,0,0,0,0
812,93294,10,1144,88568,4726,5501,0,0,4895,0
813,93372,12,1430,88319,5053,5895,0,0,4699,0
814,93333,12,1450,85938,7395,9442,0,0,0,0
815,93283,15,1450,86386,6897,8898,0,0,0,0
816,93213,9,1108,88964,4249,4820,0,0,5366,0
817,93245,9,998,88986,4259,4846,0,0,5270,0
818,93218,17,1872,85951,7267,9318,0,0,0,0
819,93245,19,1872,85302,7943,10077,0,0,257,0
820,93292,13,1886,86388,6904,8858,0,0,0,0
821,93261,18,1693,85101,8160,10436,0,0,0,0
822,93235,9,1486,87641,5594,6762,0,0,3304,0
823,93172,9,1265,88434,4738,5385,0,0,5335,0
824,93016,10,1368,87770,5246,6298,0,0,4056,0
825,93298,15,1657,86251,7047,8761,0,0,1663,0
826,93084,13,1591,87057,6027,7269,0,0,3345,0
827,92989,9,1591,88023,4966,5981,0,0,4261,0
828,93425,15,1624,85912,7513,9710,0,0,0,0
829,93302,18,1657,85509,7793,9794,0,0,0,0
830,93253,16,1595,86285,6968,9116,0,0,0,0
831,93284,16,1595,86130,7154,9190,0,0,0,0
832,93378,13,1552,87588,5790,7334,0,0,0,1398
833,93483,15,1552,86219,7264,9252,0,0,0,0
834,93373,17,1885,85900,7473,9435,0,0,0,229
835,93391,11,1885,87630,5761,7442,0,0,0,1782
836,93409,9,1552,87367,6042,7737,0,0,0,901
837,93367,12,1738,87443,5924,7868,0,0,0,1134
838,93342,19,1585,85875,7467,9570,0,0,0,0
839,93343,14,1585,85374,7969,10066,0,0,0,0
840,93417,16,1292,86076,7341,9434,0,0,0,0
841,93447,14,1292,86462,6985,9286,0,0,0,0
842,93434,17,1602,86326,7108,9398,0,0,0,0
843,93316,16,1602,85545,7771,9872,0,0,0,0
844,93381,15,1677,86191,7190,9528,0,0,0,0
845,93489,13,1567,87225,6264,8013,0,0,0,921
846,93443,13,1808,86678,6765,8434,0,0,0,1622
847,93240,16,1677,86071,7169,9214,0,0,0,0
848,93380,21,1540,86058,7322,9410,0,0,0,0
849,93390,13,1540,86077,7313,9482,0,0,0,0
850,93389,11,1840,87511,5878,7543,0,0,0,1551
851,93354,14,1840,86493,6861,8954,0,0,0,0
852,93482,14,1669,87147,6335,8030,0,0,0,924
853,93373,11,1604,87022,6351,8035,0,0,0,803
854,93371,17,1278,86149,7222,9252,0,0,0,0
855,93529,15,1351,86066,7463,9536,0,0,0,0
856,93405,18,1974,85536,7869,10286,0,0,0,0
857,93384,15,1974,85565,7819,10008,0,0,0,0
858,93431,11,1709,86802,6629,8400,0,0,0,746
859,93385,12,1709,86954,6431,8127,0,0,0,1263
860,93475,12,2097,87733,5742,7367,0,0,0,1611
861,93380,14,2097,86108,7272,9502,0,0,0,0
862,93338,11,1787,86112,7226,9103,0,0,0,351
863,93456,11,1787,87571,5885,7475,0,0,0,1329
864,93024,10,1296,88283,4741,5523,0,0,5093,0
865,93101,11,1296,88039,5062,6049,0,0,3967,0
866,93112,11,1727,87528,5584,6474,0,0,4790,0
867,93216,14,1727,87011,6205,7508,0,0,3312,0
868,93286,15,1269,86208,7078,9150,0,0,0,0
869,93277,16,1886,85240,8037,10290,0,0,0,0
870,93295,14,1910,85998,7297,9384,0,0,0,0
871,93337,17,1910,85932,7405,9352,0,0,0,0
872,93019,9,1332,87272,5747,6843,0,0,3649,0
873,93278,10,1403,88552,4726,5464,0,0,4604,0
874,93337,20,1360,85734,7603,9638,0,0,0,0
875,93269,17,1403,86134,7135,8918,0,0,2636,0
876,93390,9,1429,88293,5097,6001,0,0,3969,0
877,93380,13,1368,86910,6470,7784,0,0,2402,0
878,93144,10,1221,88291,4853,5537,0,0,4559,0
879,93347,9,1178,88615,4732,5615,0,0,4503,0
880,93319,15,1744,85815,7504,9618,0,0,0,0
881,93399,19,1676,85840,7559,9670,0,0,0,0
882,93334,14,1152,86318,7016,8990,0,0,0,0
883,93323,14,1241,86279,7044,8920,0,0,0,0
884,93277,18,1262,86056,7221,9312,0,0,0,0
885,93386,20,1744,85827,7559,9722,0,0,0,0
886,92439,10,1046,87501,4938,5845,0,0,4421,0
887,93349,12,927,88673,4676,5305,0,0,5043,0
888,93301,11,1003,88847,4454,5120,0,0,4864,0
889,93407,12,1466,87828,5579,6782,0,0,3404,0
890,93368,11,1220,88125,5243,6209,0,0,3861,0
891,93369,10,1831,88574,4795,5516,0,0,4768,0
892,91439,8,1957,85772,5667,6920,0,0,3244,0
893,93348,11,1957,86910,6438,7696,0,0,2832,0
894,93226,12,1291,88567,4659,5366,0,0,4938,0
895,93260,13,1390,87652,5608,6389,0,0,5799,0
896,93516,11,1685,86989,6527,8500,0,0,0,964
897,93429,14,1803,86549,6880,9256,0,0,0,0
898,93330,11,1685,87005,6325,7952,0,0,0,1072
899,93323,16,1186,85774,7549,9568,0,0,0,0
900,93413,14,1568,86184,7229,9272,0,0,0,0
901,93430,12,1568,87716,5714,7351,0,0,0,1617
902,93422,10,1677,86898,6524,8406,0,0,0,628
903,93416,16,1677,86033,7383,9416,0,0,0,0
904,93500,8,1366,87534,5966,7516,0,0,0,1226
905,93447,11,1269,87406,6041,7676,0,0,0,1874
906,93347,15,1728,86256,7091,9144,0,0,0,0
907,93390,15,1629,85445,7945,10164,0,0,0,0
908,93436,16,1241,86524,6912,8906,0,0,0,0
909,93368,13,1376,87144,6224,8231,0,0,0,831
910,93368,17,1728,86298,7070,9052,0,0,0,0
911,93435,12,1821,86929,6506,8543,0,0,0,629
912,93419,16,1553,86190,7229,9800,0,0,0,0
913,93436,11,1731,87192,6244,8065,0,0,0,807
914,93388,14,1825,85976,7412,9356,0,0,0,0
915,93389,10,1825,87574,5815,7393,0,0,0,1981
916,93427,11,1821,87420,6007,7683,0,0,0,1073
917,93325,12,1412,87263,6062,7747,0,0,0,1335
918,93410,19,1283,86169,7241,9598,0,0,0,0
919,93430,16,1412,86615,6815,9090,0,0,0,0
920,93438,11,1862,87566,5872,7363,0,0,0,1285
921,93449,15,1862,86164,7285,9407,0,0,0,823
922,93401,12,1429,86862,6539,8376,0,0,0,1042
923,93471,12,1212,87085,6386,8121,0,0,0,953
924,93471,15,1863,86275,7196,9442,0,0,0,0
925,93368,16,2113,85427,7941,10088,0,0,0,0
926,93491,22,1588,84599,8892,11338,0,0,0,0
927,93386,13,1588,86402,6984,8972,0,0,0,0
928,93413,19,1018,85902,7511,9624,0,0,0,0
929,93409,12,1362,86287,7122,9158,0,0,0,0
930,93349,13,1735,86308,7041,9150,0,0,0,0
931,93329,14,2113,85845,7484,9708,0,0,0,0
932,93345,17,1196,85951,7394,9230,0,0,0,0
933,93402,19,1658,85290,8112,10630,0,0,0,0
934,93512,16,1416,85841,7671,9616,0,0,496,0
935,93405,15,1416,86044,7361,9450,0,0,0,0
936,93531,16,1087,87729,5802,7007,0,0,3041,0
937,93434,13,1393,86955,6479,7967,0,0,2493,0
938,93481,10,1393,88370,5111,5968,0,0,4182,0
939,93427,7,1233,88758,4669,5336,0,0,4974,0
940,93358,9,1098,88618,4740,5414,0,0,5382,0
941,93451,13,1098,86700,6751,8182,0,0,2612,0
942,93504,11,1636,87541,5963,7235,0,0,3145,0
943,93362,8,1636,88610,4752,5373,0,0,5773,0
944,93364,18,1638,85656,7708,9558,0,0,0,0
945,93338,14,1638,86385,6953,9012,0,0,0,0
946,93377,15,1383,86633,6744,8996,0,0,0,0
947,93404,13,1445,86118,7286,9342,0,0,0,0
948,93366,14,1821,86634,6732,9000,0,0,0,0
949,93316,16,1821,85471,7845,9912,0,0,0,0
950,93510,16,1049,86389,7121,9192,0,0,0,0
951,93384,16,1513,85698,7686,9742,0,0,0,0
952,93338,20,1971,85994,7344,9978,0,0,0,0
953,93372,14,1971,85957,7415,9484,0,0,0,0
954,93351,16,1170,86062,7289,9108,0,0,0,0
955,93394,17,1086,86672,6722,8876,0,0,0,0
956,93344,15,1526,86300,7044,9382,0,0,0,0
957,93475,17,1581,86166,7309,9654,0,0,0,0
958,93326,19,1491,86034,7292,9394,0,0,0,0
959,93428,17,1420,86188,7240,9516,0,0,0,0
960,93561,9,1917,88327,5234,6270,0,0,3369,973
961,93431,6,1917,89414,4017,4618,0,0,4453,817
962,93461,7,1368,89331,4130,4986,0,0,4138,1148
963,93438,12,1368,87517,5921,7143,0,0,3043,0
964,93441,9,1930,88314,5127,6075,0,0,4765,0
965,93349,12,1930,86914,6435,7911,0,0,2955,0
966,93485,10,1621,88459,5026,6024,0,0,3986,0
967,93444,12,1671,87339,6105,7562,0,0,2902,0
968,93465,12,1360,87993,5472,6575,0,0,3487,0
969,93364,7,1259,89071,4293,5174,0,0,3808,1064
970,93414,9,1400,88755,4659,5451,0,0,5011,0
971,93512,7,1400,89439,4073,5012,0,0,3514,1248
972,93361,16,1221,86258,7103,8762,0,0,1246,0
973,93454,11,1342,87881,5573,6852,0,0,3510,0
974,93271,11,1375,87553,5718,7029,0,0,2869,0
975,93389,9,1342,88521,4868,5677,0,0,4715,0
976,93376,9,1267,88457,4919,5599,0,0,5293,0
977,93410,11,1537,88216,5194,6167,0,0,3673,0
978,93431,8,1765,88586,4845,5638,0,0,4274,0
979,93424,16,1765,86972,6452,7820,0,0,2658,0
980,93429,9,1751,88501,4928,5636,0,0,4836,0
981,93400,10,1751,87537,5863,7072,0,0,3280,0
982,93456,18,1666,86119,7337,9538,0,0,0,0
983,93399,17,1666,85853,7546,9390,0,0,1074,0
984,93431,17,1889,86025,7406,9526,0,0,0,0
985,93419,16,1641,86717,6702,8910,0,0,0,0
986,93424,19,2003,85245,8179,10428,0,0,0,0
987,93330,15,2003,86180,7150,9280,0,0,0,0
988,93445,12,1248,87377,6068,7251,0,0,3293,0
989,93469,13,1537,87876,5593,6666,0,0,4088,0
990,93386,14,1889,86497,6889,9088,0,0,0,0
991,93402,20,1372,85432,7970,10148,0,0,0,0
992,93256,7,1462,88493,4763,6181,0,0,0,2081
993,93354,13,1420,86971,6383,8316,0,0,0,710
994,93328,8,1462,88702,4626,5953,0,0,0,2423
995,93039,10,1473,86767,6272,8362,0,0,0,846
996,93379,12,1646,87610,5769,7365,0,0,0,1767
997,93311,11,1385,87113,6198,7883,0,0,0,683
998,93360,13,1325,86541,6819,9064,0,0,0,0
999,93350,16,1646,85914,7436,9783,0,0,0,265
1000,93368,11,1873,86191,7177,9060,0,0,0,0
1001,93358,11,1326,87161,6197,7832,0,0,0,872
1002,93398,8,1709,88331,5067,6524,0,0,0,2162
1003,93412,16,1873,86318,7094,9158,0,0,0,1258
1004,93365,13,1120,87797,5568,7268,0,0,0,1212
1005,93437,10,1326,87103,6334,8025,0,0,0,809
1006,93376,15,1968,86032,7344,9404,0,0,0,0
1007,93340,19,1968,85554,7786,9996,0,0,0,0
1008,93365,12,1531,87059,6306,8307,0,0,0,1017
1009,93388,12,1531,87005,6383,7911,0,0,0,1023
1010,93356,19,1830,85676,7680,9756,0,0,0,0
1011,93465,13,1830,86514,6951,9262,0,0,0,0
1012,93357,16,2238,86222,7135,9374,0,0,0,0
1013,93416,10,2238,87608,5808,7475,0,0,0,1607
1014,93419,13,1351,87361,6058,7903,0,0,0,983
1015,93381,14,1295,87089,6292,8103,0,0,0,1229
1016,93340,15,1627,86205,7135,9574,0,0,0,0
1017,93504,19,1627,85751,7753,9938,0,0,0,0
1018,93366,15,1549,86077,7289,9570,0,0,0,0
1019,93358,15,1549,86256,7102,9182,0,0,0,0
1020,93401,19,1477,85993,7408,9738,0,0,0,0
1021,93428,16,1452,86396,7032,9216,0,0,0,0
1022,93354,17,1477,85797,7557,9508,0,0,0,0
1023,93434,19,1416,85476,7958,10256,0,0,0,0
1024,93487,10,1397,88604,4883,5865,0,0,3604,1019
1025,93450,13,1195,87532,5918,7138,0,0,2818,0
1026,93445,4,1673,90186,3259,3879,0,0,3742,2183
1027,93406,6,1673,89141,4265,4990,0,0,4141,841
1028,93383,11,1774,86823,6560,8281,0,0,0,835
1029,93375,7,1523,88923,4452,5174,0,0,4286,866
1030,93383,9,1601,88866,4517,5133,0,0,4811,0
1031,93339,16,1601,85808,7531,9355,0,0,559,0
1032,93392,8,1580,89064,4328,5450,0,0,0,3270
1033,93374,9,1580,87961,5413,6830,0,0,0,1700
1034,93406,8,1950,87870,5536,7045,0,0,0,1937
1035,93422,11,1950,87845,5577,7072,0,0,0,1902
1036,93385,8,1774,87445,5940,7655,0,0,0,817
1037,93352,17,1689,85603,7749,10068,0,0,0,0
1038,93381,11,1493,86258,7123,9348,0,0,0,380
1039,93382,12,1112,87356,6026,7744,0,0,0,958
1040,93370,14,2330,86056,7314,9408,0,0,0,402
1041,93341,12,2330,87074,6267,7868,0,0,0,1306
1042,93365,9,1469,87458,5907,7512,0,0,0,1386
1043,93448,10,1228,88240,5208,6680,0,0,0,1826
1044,93343,12,1444,87048,6295,8029,0,0,0,1045
1045,93332,16,1480,85534,7798,9918,0,0,0,0
1046,93395,13,1401,87557,5838,7385,0,0,0,1317
1047,93517,16,1444,85931,7586,9822,0,0,0,0
1048,93328,17,1820,85553,7775,9822,0,0,0,0
1049,93329,15,1820,86615,6714,8824,0,0,0,0
1050,93384,10,1392,87621,5763,6947,0,0,3621,0
1051,93416,10,1339,88198,5218,6187,0,0,4255,0
1052,93499,6,1523,89278,4221,4989,0,0,4300,957
1053,93365,7,1435,89340,4025,4747,0,0,3985,1164
1054,93435,15,1744,86563,6872,8512,0,0,2854,0
1055,93361,9,1744,88686,4675,5377,0,0,5141,0
1056,93335,10,1466,87334,6001,7744,0,0,0,1826
1057,93287,9,1623,87510,5777,7038,0,0,2362,1252
1058,89264,6,1623,85863,3401,4021,0,0,4691,926
1059,93404,11,1294,88948,4456,5258,0,0,4351,899
1060,93437,6,959,90175,3262,3731,0,0,4618,1343
1061,93429,10,868,89091,4338,4942,0,0,4526,0
1062,93369,10,1584,87274,6095,7535,0,0,1029,1326
1063,93406,18,1584,86478,6928,8876,0,0,0,0
1064,93375,20,1108,86287,7088,8814,0,0,0,0
1065,93409,9,1108,88959,4450,5039,0,0,5845,0
1066,93328,9,1290,88375,4953,5927,0,0,4503,0
1067,93354,10,1290,88526,4828,5571,0,0,5001,0
1068,93418,11,1203,88526,4892,5614,0,0,5842,0
1069,93376,11,1075,88398,4978,5620,0,0,5448,0
1070,93314,17,1354,85786,7528,9558,0,0,0,0
1071,93357,19,1891,85644,7713,9604,0,0,0,0
1072,93299,16,1891,85719,7580,9564,0,0,0,0
1073,93394,18,1935,86045,7349,9698,0,0,0,0
1074,93434,16,1714,85959,7475,9590,0,0,0,0
1075,93433,14,1714,85854,7579,9666,0,0,0,0
1076,93477,16,1480,86400,7077,9382,0,0,0,0
1077,93365,15,1413,85912,7453,9388,0,0,0,0
1078,93394,11,1458,87794,5600,7225,0,0,0,1359
1079,93368,14,1458,86670,6698,8551,0,0,0,881
1080,93323,14,1822,85732,7591,9749,0,0,0,335
1081,93413,12,1822,87500,5913,7650,0,0,0,1080
1082,93385,11,1619,86868,6517,8303,0,0,0,739
1083,93432,16,1214,86354,7078,8974,0,0,0,0
1084,93355,12,1380,87729,5626,7233,0,0,0,1577
1085,93352,6,1380,88868,4484,5812,0,0,0,2416
1086,93415,17,1935,85973,7442,9590,0,0,0,0
1087,93342,13,1376,86880,6462,8381,0,0,0,769
1088,93346,12,1242,87622,5724,6733,0,0,3949,0
1089,93240,11,1144,87711,5529,6610,0,0,3946,0
1090,93272,10,1138,88086,5186,6259,0,0,3619,0
1091,93339,9,1138,88264,5075,5896,0,0,4818,0
1092,93229,8,1172,88608,4621,5360,0,0,4946,0
1093,93233,9,1194,88414,4819,5656,0,0,4126,0
1094,93311,17,2307,85842,7469,9594,0,0,0,0
1095,93294,19,1037,86044,7250,9442,0,0,0,0
1096,93341,17,1811,85738,7603,9990,0,0,0,0
1097,93364,15,1811,86055,7309,9560,0,0,0,0
1098,93320,16,1996,86035,7285,9178,0,0,0,0
1099,93324,17,1996,85323,8001,10110,0,0,0,0
1100,93288,10,1582,87528,5760,7036,0,0,3312,0
1101,93255,10,1582,88173,5082,5975,0,0,4045,0
1102,93198,11,1387,87894,5304,6402,0,0,3890,0
1103,93269,13,1194,86884,6385,7739,0,0,2859,0
1104,93327,9,1820,88135,5192,6028,0,0,4536,0
1105,93390,13,1820,86440,6950,8434,0,0,2406,0
1106,93338,11,1307,87796,5542,6537,0,0,3959,0
1107,93304,11,1307,87572,5732,6884,0,0,3950,0
1108,93331,16,1278,85947,7384,9674,0,0,0,0
1109,93395,19,1541,86325,7070,9138,0,0,0,0
1110,93293,15,1975,86336,6957,8946,0,0,0,0
1111,93388,21,1975,85053,8335,10658,0,0,0,0
1112,93282,8,1687,87788,5494,6649,0,0,3411,0
1113,93260,9,1718,87675,5585,6597,0,0,4171,0
1114,90044,7,1392,85723,4321,4982,0,0,5278,0
1115,93255,10,1203,88272,4983,5647,0,0,5387,0
1116,93344,17,1739,85855,7489,9780,0,0,0,0
1117,93347,13,1739,86146,7201,9356,0,0,0,0
1118,93352,19,1434,85916,7436,9582,0,0,0,0
1119,93331,16,1099,86416,6915,8832,0,0,0,0
1120,93359,16,1419,85598,7761,9762,0,0,0,0
1121,93412,8,1735,87598,5814,7310,0,0,0,1790
1122,93430,14,2221,86646,6784,8470,0,0,0,1194
1123,93333,11,2221,86667,6666,8658,0,0,0,560
1124,93313,13,1266,86103,7210,9232,0,0,0,0
1125,93389,16,1084,86353,7036,9026,0,0,0,0
1126,93276,18,1693,85717,7559,9538,0,0,0,0
1127,93347,14,1693,85772,7575,9798,0,0,0,0
1128,93437,14,1821,86009,7428,9322,0,0,0,0
1129,93384,12,1465,87668,5716,7289,0,0,0,1841
1130,93394,12,1228,87763,5631,7347,0,0,0,1543
1131,93328,15,1821,86399,6929,9164,0,0,0,0
1132,93336,15,1412,85927,7409,9488,0,0,0,0
1133,93312,16,1448,86205,7107,9062,0,0,0,0
1134,93441,14,1176,87648,5793,7474,0,0,0,1458
1135,93363,9,1176,87657,5706,7344,0,0,0,1120
1136,93312,11,1287,87696,5616,6710,0,0,4394,0
1137,93264,9,1257,88381,4883,5715,0,0,4213,0
1138,93331,14,1041,86479,6852,8766,0,0,0,0
1139,93350,14,953,88448,4902,5684,0,0,4632,0
1140,93454,19,1323,86000,7454,9626,0,0,0,0
1141,93336,11,1718,86292,7044,8647,0,0,1685,0
1142,93315,11,1305,88493,4822,5649,0,0,4941,0
1143,93346,9,1305,88870,4476,5200,0,0,4712,0
1144,93329,6,2262,88185,5144,6344,0,0,0,1762
1145,93299,15,2262,85889,7410,9755,0,0,0,555
1146,93363,10,1375,87397,5966,7602,0,0,0,1184
1147,93377,10,1692,87013,6364,8152,0,0,0,900
1148,93328,11,1502,86649,6679,8310,0,0,411,1069
1149,93274,4,1502,89518,3756,4251,0,0,5147,788
1150,93408,6,1937,89094,4314,5055,0,0,3824,717
1151,93331,12,1937,86757,6574,8107,0,0,2251,732
1152,93410,16,2063,85544,7866,10468,0,0,0,0
1153,93429,13,1578,86146,7283,9406,0,0,0,2
1154,93340,9,1839,87359,5981,7454,0,0,0,1636
1155,93363,13,1839,87159,6204,7857,0,0,0,1207
1156,93458,14,1738,86339,7119,9146,0,0,0,0
1157,93366,18,1738,85773,7593,9932,0,0,0,0
1158,93418,10,1677,87863,5555,7285,0,0,0,1535
1159,93366,12,1677,86234,7132,9235,0,0,0,185
1160,93373,7,2159,87731,5642,7398,0,0,0,1358
1161,93382,8,2159,88246,5136,6568,0,0,0,2600
1162,93457,12,1928,87438,6019,7771,0,0,0,1159
1163,93415,7,1928,88876,4539,5836,0,0,0,2588
1164,93385,10,1514,87728,5657,7341,0,0,0,1469
1165,93400,16,2063,86088,7312,9644,0,0,0,0
1166,93298,16,1844,85814,7484,9538,0,0,0,0
1167,93408,11,1844,87829,5579,7133,0,0,0,1761
1168,93365,15,1826,85607,7758,9796,0,0,0,0
1169,93407,14,1826,86180,7227,9092,0,0,0,0
1170,93375,15,1449,86464,6911,8918,0,0,0,0
1171,93382,18,1449,85740,7642,9686,0,0,0,0
1172,93397,16,1446,86391,7006,9162,0,0,0,0
1173,93395,16,1256,86519,6876,8866,0,0,0,0
1174,93349,15,1618,85425,7924,10318,0,0,0,0
1175,93403,15,1618,86234,7169,9266,0,0,0,0
1176,93432,9,1915,87704,5728,7316,0,0,0,1266
1177,93375,16,1915,86071,7304,9652,0,0,0,0
1178,93396,13,1282,87274,6122,8104,0,0,0,1062
1179,93444,11,1361,86424,7020,9312,0,0,0,210
1180,93419,9,1489,88015,5404,6977,0,0,0,1611
1181,93400,10,1566,87211,6189,7879,0,0,0,847
1182,93365,11,1111,87283,6082,7957,0,0,0,773
1183,93418,10,1705,87409,6009,7914,0,0,0,1312
1184,93458,8,1473,88657,4801,6038,0,0,0,2254
1185,93462,10,1597,86945,6517,8241,0,0,0,593
1186,93492,12,1597,87105,6387,8044,0,0,0,944
1187,93448,7,1249,88471,4977,6100,0,0,0,2068
1188,93452,17,2123,85900,7552,9820,0,0,0,0
1189,93472,18,2123,85541,7931,10174,0,0,0,0
1190,93467,13,1696,86717,6750,8924,0,0,0,538
1191,93436,11,1696,87497,5939,7787,0,0,0,967
1192,93477,12,1593,87143,6334,8261,0,0,0,853
1193,93416,9,1591,87575,5841,7589,0,0,0,1781
1194,93395,10,1814,87990,5405,7016,0,0,0,2202
1195,93435,12,1814,87797,5638,7388,0,0,0,986
1196,93368,11,1644,87292,6076,7753,0,0,0,1191
1197,93446,12,1607,86822,6624,8703,0,0,0,813
1198,93368,16,2223,85570,7798,10052,0,0,0,0
1199,93462,19,2223,86028,7434,9548,0,0,0,0
1200,93485,9,1471,87043,6442,7977,0,0,0,1095
1201,93504,12,1471,87690,5814,7451,0,0,0,1483
1202,93539,16,1727,86308,7231,9440,0,0,0,0
1203,93439,14,1727,85842,7597,10012,0,0,0,0
1204,93429,10,1963,86905,6524,8215,0,0,0,1101
1205,93381,14,1823,86543,6838,8619,0,0,0,835
1206,93492,15,1526,86449,7043,9256,0,0,0,0
1207,93421,18,1526,86449,6972,9226,0,0,0,0
1208,93371,16,1844,86617,6754,8902,0,0,0,0
1209,93448,17,1844,86203,7245,9674,0,0,0,0
1210,93377,14,1817,86723,6654,8579,0,0,0,1103
1211,93391,9,1817,87279,6112,7996,0,0,0,874
1212,93378,16,1799,86377,7001,9182,0,0,0,0
1213,93428,16,1189,86532,6896,9000,0,0,0,0
1214,93414,9,1963,87492,5922,7842,0,0,0,998
1215,93421,14,1395,86502,6919,9198,0,0,0,390
1216,93444,11,1536,87782,5662,7193,0,0,0,1393
1217,93407,16,1536,86298,7109,9170,0,0,0,0
1218,93403,12,1942,85820,7583,9672,0,0,0,0
1219,93440,12,1406,86481,6959,9054,0,0,0,516
1220,93411,11,1644,87398,6013,8058,0,0,0,790
1221,93381,11,1346,87503,5878,7476,0,0,0,1472
1222,93378,16,1464,86008,7370,9572,0,0,0,0
1223,93350,16,1426,86332,7018,8958,0,0,0,0
1224,93430,6,1514,88824,4606,5554,0,0,3189,851
1225,93375,6,1440,89377,3998,4590,0,0,5404,618
1226,93370,9,1440,88334,5036,6104,0,0,2726,1002
1227,93435,12,1204,88239,5196,6129,0,0,4115,0
1228,93397,13,1237,87045,6352,7709,0,0,3025,0
1229,93333,8,1237,88911,4422,5145,0,0,4829,0
1230,93421,11,1457,88237,5184,6237,0,0,4367,0
1231,93366,17,1464,85893,7473,9456,0,0,0,0
1232,93394,13,1719,86210,7184,9631,0,0,0,273
1233,93320,13,1230,86401,6919,8970,0,0,0,0
1234,93361,19,1795,85962,7399,9754,0,0,0,0
1235,93402,15,1795,85917,7485,9492,0,0,0,0
1236,93359,12,1683,87175,6184,7626,0,0,0,1360
1237,93389,12,1683,87695,5694,7597,0,0,0,1175
1238,93361,11,1608,86507,6854,8810,0,0,0,0
1239,93354,16,1346,86487,6867,8954,0,0,0,458
1240,93346,8,1292,88729,4617,5209,0,0,5647,0
1241,93375,16,1292,86003,7372,9260,0,0,166,0
1242,93297,6,1612,89088,4209,4837,0,0,4897,0
1243,93358,15,1612,85933,7425,8967,0,0,2439,0
1244,93348,11,1201,87088,6260,7596,0,0,2924,0
1245,93302,8,1514,88431,4871,5815,0,0,2831,1442
1246,91860,10,1583,85486,6374,7937,0,0,1257,1098
1247,93300,6,1583,89294,4006,4497,0,0,5612,573
1248,93319,17,1535,85793,7526,9722,0,0,0,0
1249,93432,18,1534,86283,7149,9054,0,0,0,0
1250,93395,14,964,86622,6773,8774,0,0,0,0
1251,93388,17,1942,85900,7488,9536,0,0,0,0
1252,93449,15,1603,86013,7436,9632,0,0,0,0
1253,93343,18,1603,85636,7707,9936,0,0,0,0
1254,93464,13,1302,86605,6859,9090,0,0,0,0
1255,93360,16,1302,85710,7650,9610,0,0,0,0
1256,93146,12,1795,86211,6935,9164,0,0,0,0
1257,93423,18,1693,86177,7246,9638,0,0,0,0
1258,93347,14,1534,85778,7569,9728,0,0,0,0
1259,93369,17,1795,85936,7433,9718,0,0,0,0
1260,93415,15,1608,86127,7288,9336,0,0,0,0
1261,93392,17,1620,85447,7945,10216,0,0,0,0
1262,93281,17,1620,85939,7342,9452,0,0,0,0
1263,93406,18,1387,85888,7518,9948,0,0,0,0
1264,93288,10,1626,87703,5585,6661,0,0,4107,0
1265,93285,10,1560,88565,4720,5534,0,0,4856,0
1266,93352,13,1689,87843,5509,6674,0,0,3462,0
1267,93330,15,1689,86943,6387,7833,0,0,2645,0
1268,93264,15,2026,85958,7306,9510,0,0,0,0
1269,93261,20,1720,85515,7746,10042,0,0,0,0
1270,93312,18,1325,86109,7203,9502,0,0,0,0
1271,93318,16,2307,85446,7872,10272,0,0,0,0
1272,93348,11,1284,88003,5345,6322,0,0,4040,0
1273,93273,10,1284,87385,5888,6978,0,0,3780,0
1274,93205,11,1084,87707,5498,6710,0,0,3216,0
1275,92916,11,1498,86986,5930,7324,0,0,3042,0
1276,93259,13,1498,85777,7482,9110,0,0,936,0
1277,92913,8,1230,88774,4139,4727,0,0,5195,0
1278,93291,10,1633,87366,5925,7111,0,0,3345,0
1279,93220,9,1633,88282,4938,5696,0,0,5138,0
1280,93128,11,1736,88386,4742,5444,0,0,5202,0
1281,93193,16,1736,86061,7132,8806,0,0,1302,0
1282,93213,14,1429,86728,6485,7393,60,4654,665,0
1283,93084,11,1429,87299,5785,6786,40,2060,4058,0
1284,93221,12,1684,87248,5973,6838,30,4836,0,0
1285,93283,11,1555,87767,5516,6307,15,3229,3353,0
1286,93237,9,1417,87203,6034,6822,54,7256,0,0
1287,93133,8,1417,87947,5186,5830,25,5105,3090,0
1288,93269,10,1334,87130,6139,7012,53,7845,0,0
1289,93370,21,1178,85228,8142,10050,15,1307,0,0
1290,93302,15,1561,86474,6828,7878,28,4732,0,0
1291,93398,10,1561,88051,5347,6016,22,4788,0,0
1292,93331,9,1976,86896,6435,7450,57,5303,0,0
1293,93412,15,2136,85458,7954,9558,21,2197,0,0
1294,93317,11,2136,86982,6335,7378,31,3445,0,0
1295,93240,11,1788,86984,6256,7154,35,5103,0,0
1296,93309,18,1400,86017,7292,9450,0,0,0,0
1297,93339,17,1874,85491,7848,10048,0,0,0,0
1298,93337,25,1372,85935,7402,9282,0,0,0,0
1299,93360,18,1372,85959,7401,9292,0,0,0,0
1300,93340,10,1155,88174,5166,6009,0,0,4479,0
1301,93431,10,1155,88812,4619,5309,0,0,4913,0
1302,93440,11,1376,87565,5875,6984,0,0,3238,0
1303,93414,10,1376,87926,5488,6250,0,0,4992,0
1304,93366,12,1463,87438,5928,7104,0,0,3080,0
1305,93418,11,1463,88074,5344,6225,0,0,4979,0
1306,93435,12,1430,87398,6037,7333,0,0,3185,0
1307,93420,10,1410,88439,4981,5769,0,0,4465,0
1308,93299,9,1085,88330,4969,5576,17,4619,2632,0
1309,93419,14,1410,87208,6211,7208,27,6345,0,0
1310,93388,9,1601,88139,5249,5920,28,4904,2696,0
1311,93399,10,717,88937,4462,5099,0,0,5377,0
1312,93194,11,1597,87679,5515,6301,19,1183,4479,0
1313,93013,7,1597,87760,5253,5923,22,4066,2321,0
1314,93103,9,1881,88326,4777,5447,33,2931,1995,0
1315,91881,10,1881,86368,5513,6365,48,3286,2011,0
1316,87086,11,1716,81886,5200,6072,29,3893,0,0
1317,93139,12,1487,87434,5705,6576,17,3925,0,0
1318,92968,14,1325,86917,6051,6972,21,4763,0,0
1319,92149,15,1716,86359,5790,6768,29,3973,0,0
1320,93244,8,1171,88636,4608,5263,0,0,5085,0
1321,93266,19,1171,85861,7405,9158,0,0,1126,0
1322,93262,9,1168,88869,4393,5141,0,0,4901,0
1323,93322,11,1168,88336,4986,5763,0,0,5295,0
1324,93150,10,2380,87235,5915,6653,38,6374,2157,0
1325,93191,11,2380,86878,6313,7176,63,6437,366,0
1326,93243,16,1113,86168,7075,8622,9,1257,0,0
1327,93245,11,1236,88863,4382,5046,0,0,4764,0
1328,93123,11,1501,87413,5710,6553,24,5116,149,0
1329,93286,18,1501,86375,6911,8176,26,4186,0,0
1330,93208,11,1429,87772,5436,6160,13,2443,4758,0
1331,93202,12,1321,88080,5122,5926,19,4125,0,0
1332,93202,13,1504,86179,7023,7954,67,6543,0,0
1333,90319,9,1577,84232,6087,7058,51,6285,0,0
1334,93200,11,1689,87480,5720,6678,20,5240,0,0
1335,93126,10,1689,87263,5863,6736,36,4862,0,0
1336,93308,18,1425,85980,7328,9414,0,0,0,0
1337,93333,17,1425,86270,7063,9154,0,0,0,0
1338,93322,11,972,88326,4996,5775,0,0,4817,0
1339,93288,21,1313,86160,7128,8958,0,0,0,0
1340,93286,14,1111,88433,4853,5634,17,3151,0,0
1341,93306,14,1387,87326,5980,7104,8,3042,0,0
1342,93393,17,1844,85915,7478,9726,0,0,0,0
1343,93344,14,1874,86280,7064,9146,0,0,0,0
1344,93372,17,1542,85844,7528,9314,15,1503,0,0
1345,93338,19,1542,85728,7610,9744,0,0,0,0
1346,93414,17,2245,85729,7685,10094,0,0,0,0
1347,93328,20,2245,85778,7550,9830,0,0,0,0
1348,93245,17,1546,85710,7535,8948,37,4483,0,0
1349,93437,8,1853,87983,5454,6160,41,5967,0,0
1350,93388,12,1614,87472,5916,7080,22,3218,0,0
1351,93244,13,1853,86139,7105,8520,26,1598,0,0
1352,93211,10,1697,87272,5939,6684,30,5450,178,0
1353,93389,10,1697,87362,6027,6842,29,5683,0,0
1354,93370,8,1190,88200,5170,5809,17,4575,1427,0
1355,93357,12,1190,87993,5364,6148,15,5181,0,0
1356,93289,10,992,88585,4704,5342,9,347,4764,0
1357,93328,10,1136,88480,4848,5670,0,0,4486,0
1358,93361,23,1506,86099,7262,9208,0,0,0,0
1359,93286,19,1621,85647,7639,9418,0,0,0,0
1360,93413,17,1690,86160,7253,9320,0,0,0,0
1361,93353,16,1690,86181,7172,9196,0,0,0,0
1362,93365,17,1471,85879,7486,9668,0,0,0,0
1363,93390,16,1799,85992,7398,9662,0,0,0,0
1364,93350,16,1286,86387,6963,9070,0,0,0,0
1365,93388,16,1621,85962,7426,9494,0,0,0,0
1366,93348,17,1434,86377,6971,9202,0,0,0,0
1367,93436,17,1471,86326,7110,9174,0,0,0,0
1368,93313,14,1526,86327,6986,8982,0,0,0,0
1369,93451,17,1133,86403,7048,9370,0,0,0,0
1370,93332,16,1526,86080,7252,9514,0,0,0,0
1371,93336,14,1353,86291,7045,9350,0,0,0,0
1372,93382,18,1305,86115,7267,9902,0,0,0,0
1373,93394,14,1235,86324,7070,9070,0,0,0,0
1374,93451,15,1273,86399,7052,9056,0,0,0,0
1375,93423,18,1391,85916,7507,9482,0,0,0,0
1376,93439,15,1735,86315,7124,8912,0,0,0,0
1377,93370,17,1370,86149,7221,9224,0,0,0,0
1378,93364,16,1294,86387,6977,9232,0,0,0,0
1379,93417,14,1370,85984,7433,9606,0,0,0,0
1380,93388,9,1838,87065,6323,7940,0,0,0,732
1381,93430,9,1838,87378,6052,7787,0,0,0,1251
1382,93375,15,1423,86753,6622,8538,0,0,0,636
1383,93466,10,1544,86945,6521,8374,0,0,0,956
1384,93356,14,1409,86564,6792,8888,0,0,0,0
1385,93484,19,1882,85409,8075,10276,0,0,0,0
1386,93379,13,1844,86516,6863,8752,0,0,0,0
1387,93392,21,1260,85585,7807,9968,0,0,0,0
1388,93398,15,1459,86252,7146,9024,0,0,0,0
1389,93332,15,1335,85940,7392,9324,0,0,0,0
1390,93394,14,1360,87060,6334,8181,0,0,0,681
1391,93487,13,1494,87283,6204,7686,0,0,0,1194
1392,93391,14,2074,86110,7281,9108,0,0,0,0
1393,93283,17,2074,84341,8942,11230,0,0,0,0
1394,93382,9,1494,87650,5732,7563,0,0,0,1129
1395,93380,17,1476,86255,7125,9468,0,0,0,0
1396,93334,16,1336,86436,6898,8964,0,0,0,0
1397,93409,16,1342,85929,7480,9730,0,0,0,0
1398,93414,11,1705,86539,6875,8950,0,0,0,0
1399,93396,14,1735,85760,7636,9786,0,0,0,0
1400,93435,13,2306,86483,6952,8945,0,0,0,429
1401,93408,13,2093,86720,6688,8525,0,0,0,975
1402,93398,10,1764,86973,6425,8066,0,0,0,1082
1403,93389,13,2306,86898,6491,8286,0,0,0,1032
1404,92464,10,1497,86984,5480,7073,0,0,0,1667
1405,93530,14,1497,86399,7131,9370,0,0,0,352
1406,93378,10,1532,87131,6247,7998,0,0,0,958
1407,93449,17,1532,86012,7437,9766,0,0,0,0
1408,93330,11,1818,86904,6426,8045,0,0,0,1529
1409,93408,16,1818,86041,7367,9554,0,0,0,0
1410,93287,15,1903,86495,6792,8934,0,0,0,0
1411,93444,18,1903,85906,7538,9732,0,0,0,0
1412,93463,12,1660,86579,6884,8697,0,0,0,771
1413,93405,10,1660,87140,6265,8082,0,0,0,1132
1414,93324,11,1605,87276,6048,7725,0,0,0,1267
1415,93357,10,1372,87272,6085,7617,0,0,0,1041
1416,93319,16,1724,86127,7192,9158,0,0,0,0
1417,93390,19,1724,85395,7995,10590,0,0,0,0
1418,93306,13,1372,86567,6739,8910,0,0,0,0
1419,93306,21,1172,85746,7560,9748,0,0,0,0
1420,93335,12,1187,87852,5483,6551,0,0,3981,0
1421,93338,12,1306,88198,5140,6112,0,0,3914,0
1422,93274,19,1750,85621,7653,9672,0,0,0,0
1423,93320,18,1273,85872,7448,9580,0,0,0,0
1424,93304,8,976,88795,4509,5241,0,0,4645,0
1425,93280,10,976,88653,4627,5299,0,0,5207,0
1426,93286,9,1119,88801,4485,5071,0,0,5405,0
1427,93334,16,1188,86128,7206,9054,0,0,0,0
1428,92937,10,1248,88019,4918,5657,0,0,4789,0
1429,93244,14,1248,85667,7577,9480,0,0,144,0
1430,92937,7,1503,89092,3845,4520,0,0,4514,700
1431,93181,10,966,88628,4553,5332,0,0,4734,0
1432,93379,10,1320,88083,5296,6771,0,0,0,2047
1433,93293,11,1650,87906,5387,6805,0,0,0,1735
1434,93401,19,1680,85735,7666,10090,0,0,0,0
1435,93249,9,1435,87214,6035,7768,0,0,0,984
1436,93333,17,1439,85952,7381,9330,0,0,0,0
1437,93256,11,1665,86449,6807,8595,0,0,0,737
1438,92990,11,1665,86875,6115,7544,0,0,855,1391
1439,91833,5,1504,88703,3130,3580,0,0,5129,925
1440,92949,9,1228,88625,4324,4909,0,0,5015,0
1441,93237,13,1389,86224,7013,8688,0,0,1134,0
1442,93207,9,1321,88326,4881,5833,0,0,4649,0
1443,89698,6,1167,86403,3295,3766,0,0,4613,1063
1444,93302,9,1220,89341,3961,4677,0,0,3995,1880
1445,93300,11,1507,87398,5902,7078,0,0,3326,0
1446,93297,8,1567,88929,4368,5032,0,0,4742,478
1447,93278,12,1567,86860,6418,7820,0,0,2500,162
1448,93158,13,1301,86898,6260,7787,0,0,0,989
1449,93296,13,1681,85620,7676,9780,0,0,0,430
1450,93279,8,1671,87489,5790,7267,0,0,0,1405
1451,93358,9,1671,87973,5385,6921,0,0,0,1657
1452,93292,10,2092,87313,5979,7665,0,0,0,1367
1453,93360,10,1505,88333,5027,6467,0,0,0,1923
1454,93308,11,2092,86643,6665,8746,0,0,0,578
1455,93299,11,1839,86872,6427,8263,0,0,0,1079
1456,93284,14,1423,87062,6222,7337,0,0,3887,0
1457,93252,10,1423,88557,4695,5346,0,0,4864,0
1458,93217,19,1587,85584,7633,9542,0,0,0,0
1459,93316,7,1108,88989,4327,4892,0,0,5134,0
1460,93328,18,1497,86619,6709,8930,0,0,0,0
1461,93285,15,1364,86370,6915,8848,0,0,0,0
1462,93347,12,1186,87803,5544,6568,0,0,3666,0
1463,93224,7,1061,88994,4230,4818,0,0,4988,0
1464,93417,13,1605,86628,6789,8653,0,0,0,657
1465,93340,11,1593,87310,6030,7580,0,0,0,1158
1466,93399,10,1526,87538,5861,7533,0,0,0,1527
1467,93323,20,1698,85317,8006,10352,0,0,0,0
1468,93284,16,1706,85838,7446,9698,0,0,0,0
1469,93414,16,1587,86312,7102,9194,0,0,0,0
1470,93313,17,1706,86324,6989,9242,0,0,0,0
1471,93285,15,1698,85947,7338,9538,0,0,0,0
1472,93373,17,1478,85877,7496,9788,0,0,0,0
1473,93301,15,1261,86532,6769,8916,0,0,0,0
1474,93505,18,1478,86004,7501,9690,0,0,0,0
1475,93446,15,1498,85812,7634,9896,0,0,0,0
1476,93325,13,1554,86436,6889,9211,0,0,0,311
1477,93362,10,1554,87059,6303,8067,0,0,0,889
1478,93335,19,1870,85630,7705,10008,0,0,0,0
1479,93388,9,1870,88170,5218,6965,0,0,0,1615
1480,93464,16,1751,85839,7625,9866,0,0,0,0
1481,93362,9,1566,86940,6422,7950,0,0,0,1278
1482,93504,10,1553,87341,6163,7826,0,0,0,1004
1483,93377,10,1643,87569,5808,7466,0,0,0,1336
1484,93438,18,1441,86426,7012,8990,0,0,0,0
1485,93348,11,1498,86060,7288,9386,0,0,0,0
1486,93364,13,1883,86548,6816,9006,0,0,0,0
1487,93429,16,1883,85971,7458,9668,0,0,0,0
1488,93396,11,1864,87427,5969,7631,0,0,0,1031
1489,93325,10,1864,86742,6583,8217,0,0,0,939
1490,93436,11,1643,87323,6113,7656,0,0,0,1394
1491,93348,11,1624,87505,5843,7131,0,0,0,1399
1492,93455,12,1624,87299,6156,7952,0,0,0,1178
1493,93350,14,1436,86505,6845,8940,0,0,0,0
1494,93525,17,1206,86572,6953,9218,0,0,0,0
1495,93452,18,1362,86247,7205,9720,0,0,0,0
1496,93437,14,1623,87508,5929,7715,0,0,0,1311
1497,93425,17,1542,85893,7532,9682,0,0,0,0
1498,93368,11,1305,87488,5880,7523,0,0,0,1167
1499,93370,17,1252,85610,7760,9862,0,0,0,0
1500,93429,17,1568,86097,7332,9430,0,0,0,0
1501,93319,13,1568,86053,7266,9210,0,0,0,0
1502,93328,12,1948,86424,6904,9114,0,0,0,0
1503,93339,18,1948,85775,7564,9812,0,0,0,0
1504,93308,17,1416,85820,7488,9566,0,0,0,0
1505,93311,18,1416,85982,7329,9302,0,0,0,0
1506,93256,12,890,88883,4373,5122,0,0,4632,0
1507,93242,9,946,88813,4429,5030,0,0,5550,0
1508,93326,16,1393,87174,6152,7386,0,0,2702,0
1509,93276,12,1393,88193,5083,6053,0,0,4235,0
1510,93282,15,1404,86184,7098,9048,0,0,0,0
1511,93387,14,1404,86115,7272,9644,0,0,0,0
1512,93280,9,1699,88449,4831,5701,0,0,4273,0
1513,93304,10,1699,87617,5687,6784,0,0,3492,0
1514,93307,10,913,88805,4502,5166,0,0,5028,0
1515,93329,13,1437,88150,5179,6119,0,0,3441,0
1516,86214,7,963,81718,4496,5190,0,0,4780,0
1517,93255,14,1316,86004,7251,9254,0,0,0,0
1518,93420,19,1750,85891,7529,9834,0,0,0,0
1519,93393,16,1431,85734,7659,9822,0,0,0,0
1520,93251,8,1055,88571,4680,5359,0,0,4885,0
1521,93299,13,1300,87834,5465,6593,0,0,3827,0
1522,93259,10,1300,88324,4935,5540,0,0,5364,0
1523,93271,7,1300,88864,4407,4991,0,0,4999,0
1524,93204,18,1958,85759,7445,9652,0,0,0,0
1525,93354,15,1958,86043,7311,9224,0,0,0,0
1526,93276,21,1719,85490,7786,9774,0,0,0,0
1527,93251,16,1719,86050,7201,9256,0,0,0,0
1528,93256,11,1704,87184,6072,7141,17,2237,1157,0
1529,93297,13,1541,88304,4993,5833,2,494,4767,0
1530,93260,14,1550,87263,5997,6992,22,1438,3490,0
1531,93322,11,1704,87567,5755,6484,38,4310,1464,0
1532,93310,20,1103,85292,8018,9884,11,1135,0,0
1533,93295,10,1411,88098,5197,6046,14,4042,0,0
1534,93299,19,1419,85899,7400,9226,6,444,0,0
1535,93366,13,1419,87692,5674,6732,13,3365,0,0
1536,93376,15,1401,86070,7306,9476,0,0,0,0
1537,93493,9,1232,87438,6055,7754,0,0,0,1050
1538,93415,16,1645,86925,6490,8431,0,0,0,681
1539,93320,10,1537,87358,5962,7363,0,0,0,1209
1540,93333,12,1852,87430,5903,7622,0,0,0,1190
1541,93484,13,1852,86522,6962,9195,0,0,0,609
1542,93387,12,1335,87667,5720,7259,0,0,0,1187
1543,93396,10,1577,87136,6260,7829,0,0,0,1211
1544,93403,14,1653,86545,6858,9078,0,0,0,0
1545,93358,15,1907,85641,7717,10124,0,0,0,0
1546,93346,15,1907,86118,7228,9292,0,0,0,0
1547,93369,14,1236,86247,7122,9136,0,0,0,0
1548,93337,19,1369,85775,7562,9762,0,0,0,0
1549,93399,14,1369,86324,7075,9140,0,0,0,0
1550,93422,17,1301,85952,7470,9572,0,0,0,0
1551,93393,16,1401,86045,7348,9372,0,0,0,0
1552,93396,11,1574,87520,5876,7509,0,0,0,1079
1553,93441,16,1574,85959,7482,9761,0,0,0,235
1554,93511,12,1616,86847,6664,8542,0,0,0,740
1555,93389,9,1616,87772,5617,7257,0,0,0,1293
1556,93429,11,1379,87478,5951,7945,0,0,0,873
1557,93399,18,1416,86210,7189,9502,0,0,0,0
1558,93533,14,1640,86597,6936,9240,0,0,0,0
1559,93383,10,1640,87550,5833,7632,0,0,0,1078
1560,93389,11,1381,86648,6741,8814,0,0,0,0
1561,93364,16,1381,85854,7510,9696,0,0,0,0
1562,93440,15,1543,86246,7194,9362,0,0,0,0
1563,93407,14,1543,86123,7284,9326,0,0,0,0
1564,93408,14,1278,86635,6773,8706,0,0,0,0
1565,93400,18,1203,86470,6930,9134,0,0,0,0
1566,93451,11,1814,86890,6561,8618,0,0,0,0
1567,93358,18,1814,85275,8083,10404,0,0,0,0
1568,93368,12,1353,87859,5509,7363,0,0,0,1505
1569,93426,16,1295,86577,6849,8868,0,0,0,0
1570,93425,13,1687,87558,5867,7948,0,0,0,930
1571,93452,13,1687,86781,6671,8627,0,0,0,523
1572,93360,12,1964,87217,6143,7967,0,0,0,739
1573,93426,11,1964,86194,7232,9661,0,0,0,475
1574,93449,16,2126,85745,7704,10234,0,0,0,0
1575,93391,14,2126,86563,6828,8994,0,0,0,0
1576,93302,13,1459,86525,6777,8828,0,0,0,0
1577,93393,10,1661,87126,6267,8075,0,0,0,973
1578,93337,13,1635,87585,5752,7560,0,0,0,1206
1579,93381,12,1635,86773,6608,8391,0,0,0,861
1580,93378,11,1334,88149,5229,6690,0,0,0,1976
1581,93418,7,1353,88756,4662,5949,0,0,0,2349
1582,93415,11,1815,86974,6441,8109,0,0,0,1321
1583,93393,7,1815,88695,4698,5865,0,0,0,2355
1584,93421,19,1544,86284,7137,9194,0,0,0,0
1585,93369,20,1930,85708,7661,10006,0,0,0,0
1586,93404,18,1930,86309,7095,9232,0,0,0,0
1587,93370,15,1686,86407,6963,9250,0,0,0,0
1588,93411,18,1406,86513,6898,9104,0,0,0,0
1589,93274,15,1406,86379,6895,8531,0,0,2309,0
1590,93417,10,1229,88488,4929,5728,0,0,5792,0
1591,93316,16,1106,86387,6929,9010,0,0,0,0
1592,93388,10,1963,87637,5751,7600,0,0,0,1174
1593,93395,11,1963,86020,7375,9497,0,0,0,403
1594,93326,15,1601,86318,7008,9186,0,0,0,0
1595,93368,10,1601,87463,5905,7777,0,0,0,1489
1596,93371,16,1476,86028,7343,9692,0,0,0,0
1597,93327,15,1476,85879,7448,9524,0,0,0,0
1598,93480,17,1691,86397,7083,9192,0,0,0,0
1599,93470,16,1346,86364,7106,9310,0,0,0,0
1600,93443,9,925,88954,4489,5128,0,0,5354,0
1601,93388,17,1247,86382,7006,9096,0,0,0,0
1602,93469,11,1348,88104,5365,6197,0,0,5073,0
1603,93532,8,1160,89241,4291,4929,0,0,5275,0
1604,93418,16,1585,86309,7109,9138,0,0,0,0
1605,93425,16,1585,86340,7085,9156,0,0,0,0
1606,93453,13,1377,86834,6619,8858,0,0,0,0
1607,93397,16,1212,86677,6720,9026,0,0,0,0
1608,93353,7,1427,88426,4927,5804,0,0,5286,0
1609,93402,13,1496,87389,6013,7189,0,0,4371,0
1610,93401,15,1185,86630,6771,8694,0,0,0,0
1611,92707,9,1496,87518,5189,6210,0,0,4460,0
1612,93505,16,1703,86280,7225,9468,0,0,0,0
1613,93370,16,1703,86035,7335,9398,0,0,0,0
1614,93408,18,1175,86040,7368,9346,0,0,0,0
1615,93451,12,1348,85897,7554,9404,0,0,1092,0
1616,93472,11,1490,88038,5434,6322,0,0,5238,0
1617,93439,11,1855,88169,5270,6369,0,0,4253,0
1618,93538,7,1690,88820,4718,5576,0,0,5002,0
1619,93346,15,1855,85914,7432,9087,0,0,2613,0
1620,93503,11,1279,88271,5232,6120,0,0,3994,0
1621,93506,13,1227,88301,5205,6347,0,0,4555,0
1622,93502,9,1726,88215,5287,6151,0,0,5079,0
1623,93501,9,1726,88925,4576,5539,0,0,3431,1062
1624,93459,13,2101,87188,6271,8164,0,0,0,1408
1625,93426,10,2101,87268,6158,7792,0,0,0,1326
1626,93478,10,1616,88101,5377,6465,0,0,2785,806
1627,93492,6,1616,89287,4205,5055,0,0,4125,1254
1628,93441,16,1379,86514,6927,8950,0,0,0,0
1629,93397,18,1379,85875,7522,9658,0,0,0,0
1630,93479,16,1566,85927,7552,9926,0,0,0,0
1631,93412,15,1635,85973,7439,9664,0,0,0,0
1632,93478,14,1735,86578,6900,8760,0,0,0,484
1633,93402,11,1757,87072,6330,7800,0,0,1697,1161
1634,93482,16,1735,86287,7195,9588,0,0,0,158
1635,93423,10,1715,87834,5589,7271,0,0,0,1765
1636,93460,12,1332,88344,5116,5918,0,0,4180,0
1637,93527,9,1356,88728,4799,5550,0,0,4640,0
1638,93572,11,1613,87782,5790,7137,0,0,2719,260
1639,93528,6,1613,90036,3492,4020,0,0,4621,1479
1640,93480,11,1638,87400,6080,7818,0,0,0,1174
1641,93387,11,1420,87759,5628,7609,0,0,0,1021
1642,93432,17,1207,85986,7446,9560,0,0,0,0
1643,93396,12,1655,87161,6235,8081,0,0,0,1143
1644,93393,12,1465,86016,7377,9556,0,0,0,0
1645,93456,16,1465,86432,7024,9244,0,0,0,0
1646,93534,15,1239,86430,7104,9152,0,0,0,0
1647,93329,13,1239,87552,5777,7521,0,0,0,1073
1648,93414,10,1928,87300,6114,7940,0,0,0,1170
1649,93379,11,1508,87980,5399,7412,0,0,0,1704
1650,93460,9,1388,87744,5716,7218,0,0,0,1426
1651,93418,9,1421,88155,5263,6899,0,0,0,1785
1652,93405,14,1578,86349,7056,9294,0,0,0,0
1653,93383,13,1578,86071,7312,9360,0,0,0,0
1654,93361,17,1188,86052,7309,9156,0,0,0,0
1655,93398,17,1496,86278,7120,9500,0,0,0,0
1656,93353,17,1587,86028,7325,9394,0,0,0,0
1657,93397,14,1587,86203,7194,9268,0,0,0,0
1658,93395,10,1482,87309,6086,7826,0,0,0,1306
1659,93325,12,1408,87069,6256,8018,0,0,0,1034
1660,82804,8,1244,77358,5446,7248,0,0,0,980
1661,82795,8,1385,78003,4792,6302,0,0,0,2238
1662,93413,9,1336,87881,5532,7483,0,0,0,1237
1663,92956,6,1508,88216,4740,6271,0,0,0,1891
1664,93392,12,1364,87869,5523,6723,0,0,3765,0
1665,93358,10,1439,88238,5120,6063,0,0,4579,0
1666,93298,11,1105,87994,5304,6540,0,0,3996,0
1667,93358,11,1439,88104,5254,6258,0,0,5018,0
1668,93358,11,1182,87855,5503,6548,0,0,4002,0
1669,93332,9,1182,89221,4111,4766,0,0,5306,0
1670,92956,9,1477,88317,4639,5498,0,0,4666,0
1671,93080,11,1477,87152,5928,7261,0,0,2775,0
1672,93326,13,1524,86247,7079,8826,0,0,0,0
1673,93415,18,1524,85596,7819,9984,0,0,0,0
1674,93352,15,1649,86430,6922,9078,0,0,0,0
1675,93493,18,1649,84901,8592,11148,0,0,0,0
1676,93365,15,1425,86533,6832,9184,0,0,0,0
1677,93349,17,1916,86279,7070,9152,0,0,0,0
1678,93300,17,1916,85485,7815,9896,0,0,0,0
1679,93349,19,1204,85726,7623,9874,0,0,0,0
1680,93233,16,1428,86668,6565,8068,0,0,2778,0
1681,92290,8,1428,88006,4284,4951,0,0,5629,0
1682,93275,10,1514,86990,6285,7651,0,0,2603,0
1683,93200,19,1514,86023,7177,8897,0,0,1421,0
1684,93362,16,1220,86077,7285,9350,0,0,0,0
1685,93287,19,1314,85873,7414,9368,0,0,0,0
1686,93289,13,1471,87490,5799,6984,0,0,3408,0
1687,93258,10,1471,87687,5571,6542,0,0,4278,0
1688,93315,18,1514,86146,7169,8874,0,0,1588,0
1689,93289,8,1514,88765,4524,5191,0,0,5587,0
1690,93354,8,1383,89020,4334,4973,0,0,5229,0
1691,93330,19,1176,86196,7134,9298,0,0,0,0
1692,93356,10,1743,88501,4855,5688,0,0,4694,0
1693,93215,13,1743,86772,6443,8052,0,0,2226,0
1694,93296,16,1398,86909,6387,7782,0,0,3170,0
1695,93248,10,1398,88703,4545,5274,0,0,4874,0
1696,93355,8,1042,88800,4555,5218,0,0,5198,0
1697,93030,12,1040,87831,5199,6395,0,0,3339,0
1698,93159,10,1518,88027,5132,6204,0,0,3608,0
1699,93410,11,1518,87742,5668,6667,0,0,3859,0
1700,93272,16,1763,86070,7202,8970,0,0,0,0
1701,93505,17,1425,85963,7542,9492,0,0,0,0
1702,93351,15,1657,85965,7386,9406,0,0,0,0
1703,93308,15,1763,85740,7568,9542,0,0,0,0
1704,93359,18,1855,85909,7450,9808,0,0,0,0
1705,93382,18,1855,86211,7171,9368,0,0,0,0
1706,93378,20,1737,85597,7781,9966,0,0,0,0
1707,93312,12,1737,86481,6831,8674,0,0,0,0
1708,93426,17,1493,86321,7105,9346,0,0,0,0
1709,93346,18,1968,85785,7561,10432,0,0,0,0
1710,93471,17,1493,86087,7384,9484,0,0,0,0
1711,93443,16,1968,85762,7681,9960,0,0,0,0
1712,93359,10,1602,88873,4486,5075,0,0,4847,0
1713,93265,12,1602,87083,6182,7223,0,0,3645,0
1714,93447,13,1533,86928,6519,7990,0,0,2392,0
1715,93409,12,1533,87475,5934,7231,0,0,2959,0
1716,93465,12,1126,88258,5207,6202,0,0,3666,0
1717,93378,9,1042,88743,4635,5212,0,0,5470,0
1718,93396,12,1569,87391,6005,7260,0,0,3206,0
1719,93399,11,1569,88313,5086,6000,0,0,4492,0
1720,93387,17,1104,86120,7267,9392,0,0,0,0
1721,93336,17,1388,86205,7131,9364,0,0,0,0
1722,93302,15,1708,86036,7266,9404,0,0,0,0
1723,93268,15,1370,85856,7412,9268,0,0,0,0
1724,93326,8,1204,88612,4714,5384,0,0,5280,0
1725,93376,9,1082,89068,4308,4859,0,0,4831,0
1726,93324,7,1242,89105,4219,4774,0,0,5482,0
1727,93366,16,1242,85732,7634,9440,0,0,556,0
1728,93420,16,1389,86491,6929,9386,0,0,0,0
1729,93448,16,1326,86256,7192,9188,0,0,0,0
1730,93379,14,1514,86150,7229,9228,0,0,0,0
1731,93301,15,1514,86221,7080,9078,0,0,0,0
1732,93421,11,1577,87122,6299,8078,0,0,0,652
1733,93397,12,1482,87547,5850,7604,0,0,0,1144
1734,93386,10,1647,87088,6298,8182,0,0,0,822
1735,93468,14,1280,86382,7086,9052,0,0,0,0
1736,93364,18,1835,86120,7244,9768,0,0,0,0
1737,93377,15,1509,86309,7068,9256,0,0,0,0
1738,93488,15,1835,85694,7794,10154,0,0,0,0
1739,93396,10,1647,87334,6062,7776,0,0,0,1210
1740,93428,15,1498,86572,6856,9134,0,0,0,0
1741,93381,16,1498,86258,7123,9004,0,0,0,0
1742,93430,10,1478,88035,5395,7128,0,0,0,1516
1743,93450,12,1478,87211,6239,8007,0,0,0,807
1744,93280,16,1518,85659,7621,9712,0,0,0,0
1745,93350,17,1708,86671,6679,8866,0,0,0,0
1746,93327,15,1518,86496,6831,8776,0,0,0,0
1747,93390,17,1841,86440,6950,9182,0,0,0,0
1748,93293,19,1824,85410,7883,10340,0,0,0,0
1749,93384,14,1824,85857,7527,9782,0,0,0,0
1750,93355,14,1728,86449,6906,8830,0,0,0,0
1751,93411,18,1728,86033,7378,9574,0,0,0,0
1752,93345,17,1593,86092,7253,9752,0,0,0,0
1753,93360,14,1593,86299,7061,9316,0,0,0,0
1754,93426,17,2043,85209,8217,10476,0,0,0,0
1755,93373,15,2043,86220,7153,9136,0,0,0,0
1756,93410,12,1960,87355,6055,7833,0,0,0,1419
1757,93350,9,1960,87191,6159,7789,0,0,0,981
1758,93364,16,1518,86172,7192,9350,0,0,0,0
1759,93460,18,1086,85787,7673,10044,0,0,0,0
1760,93410,18,2214,85942,7468,10038,0,0,0,0
1761,93425,16,1238,86404,7021,9110,0,0,0,0
1762,93445,17,1582,86146,7299,9420,0,0,0,0
1763,93390,15,1517,86494,6896,9234,0,0,0,0
1764,93328,14,1554,86636,6692,9012,0,0,0,0
1765,93368,18,1554,86109,7259,9184,0,0,0,0
1766,93306,15,1524,86089,7217,9306,0,0,0,0
1767,93360,15,1571,85696,7664,9800,0,0,0,0
1768,93352,16,1282,85871,7481,9432,0,0,0,0
1769,93477,16,1248,86511,6966,8952,0,0,0,0
1770,93360,14,1882,86187,7173,9190,0,0,0,0
1771,93372,17,2214,85975,7397,9570,0,0,0,0
1772,93338,15,1710,86117,7221,9388,0,0,0,0
1773,93224,18,1710,85564,7660,9988,0,0,0,0
1774,93306,16,1642,86070,7236,9414,0,0,0,0
1775,93300,19,1316,86196,7104,9578,0,0,0,0
1776,93381,11,2004,87294,6087,7669,0,0,0,1391
1777,93454,15,2004,85915,7539,9858,0,0,0,0
1778,93426,18,1282,86282,7144,9182,0,0,0,0
1779,93376,11,1837,87196,6180,7961,0,0,0,1093
1780,93479,9,1603,87473,6006,7683,0,0,0,1077
1781,93403,10,1603,87649,5754,7487,0,0,0,1135
1782,93437,11,1368,86798,6639,8436,0,0,0,784
1783,93500,11,1837,87164,6336,8448,0,0,0,1172
1784,93421,13,1250,87126,6295,8108,0,0,0,966
1785,93374,10,1180,87651,5723,7327,0,0,0,1377
1786,93447,13,1607,85995,7452,9487,0,0,0,241
1787,93391,10,1607,87696,5695,7322,0,0,0,1380
1788,93381,16,1535,86234,7147,9388,0,0,0,0
1789,93403,16,1535,86242,7161,9262,0,0,0,0
1790,93319,14,1283,86198,7121,9036,0,0,0,0
1791,93456,14,1571,86005,7451,9406,0,0,0,0
1792,93332,17,1356,86256,7076,9186,0,0,0,0
1793,93360,10,1028,88559,4801,5558,0,0,5138,0
1794,93338,9,1342,88375,4963,5787,0,0,4703,0
1795,93431,9,1342,89093,4338,5009,0,0,5013,0
1796,93374,8,1248,89030,4344,5007,0,0,5223,0
1797,93319,17,1374,86491,6828,8278,0,0,2548,0
1798,93319,18,1374,86073,7246,9400,0,0,0,0
1799,93417,8,1133,88593,4824,5700,0,0,4496,0
1800,93335,13,2030,85819,7516,9854,0,0,0,0
1801,93329,15,2030,86172,7157,9362,0,0,0,0
1802,93315,17,1504,84835,8480,11024,0,0,0,0
1803,93277,17,1681,85821,7456,9802,0,0,0,0
1804,93439,12,1089,88223,5216,6162,0,0,3824,0
1805,93334,8,1133,89081,4253,4798,0,0,5230,0
1806,93330,10,1268,88373,4957,5883,0,0,4521,0
1807,93364,13,1268,87140,6224,7507,0,0,2759,0
1808,93355,12,1524,87512,5843,7622,0,0,0,1450
1809,93317,11,1524,87915,5402,6785,0,0,0,2215
1810,93278,19,1504,86207,7071,9210,0,0,0,0
1811,93402,15,1504,86501,6901,8992,0,0,0,0
1812,93347,12,1572,87281,6066,7562,0,0,0,1404
1813,93412,12,1271,86683,6729,8415,0,0,0,625
1814,93366,13,1590,86123,7243,9186,0,0,0,0
1815,93374,12,1590,87856,5518,7003,0,0,0,1855
1816,93372,12,1664,86657,6715,8268,0,0,0,706
1817,93339,13,1623,86311,7028,8820,0,0,281,383
1818,93333,10,1956,87517,5816,7523,0,0,0,1317
1819,93468,13,1956,85562,7906,10100,0,0,0,236
1820,93367,8,1554,89117,4250,4802,0,0,5232,544
1821,93385,6,1554,89550,3835,4373,0,0,4841,848
1822,93466,6,1503,89515,3951,4494,0,0,5532,658
1823,93302,12,1503,86088,7214,9008,0,0,323,389
1824,93331,12,1974,86929,6402,8402,0,0,0,1164
1825,93282,14,1974,86199,7083,9164,0,0,0,0
1826,93334,13,1773,86419,6915,9276,0,0,0,0
1827,93328,18,1773,86408,6920,9372,0,0,0,0
1828,93298,15,1329,86270,7028,9136,0,0,0,0
1829,93286,11,1157,87832,5454,7007,0,0,0,1245
1830,93300,15,1951,86061,7239,9521,0,0,0,575
1831,93330,8,1739,88695,4635,6037,0,0,0,2333
1832,93330,7,1789,88725,4605,5775,0,0,0,3259
1833,93325,9,1468,87360,5965,7661,0,0,0,1073
1834,93337,11,1928,87583,5754,7202,0,0,0,1800
1835,93350,8,1928,87950,5400,7083,0,0,0,1637
1836,93275,14,1854,86114,7161,9288,0,0,0,0
1837,93314,13,1564,86115,7199,9380,0,0,0,0
1838,93320,10,1854,87609,5711,7390,0,0,0,1692
1839,93369,12,1301,87453,5916,7507,0,0,0,1211
1840,93292,13,1178,87552,5740,7346,0,0,0,1586
1841,92902,6,1128,89197,3705,4416,0,0,4441,1113
1842,93345,14,1721,86374,6971,8765,0,0,1125,0
1843,93348,13,1721,87275,6073,7343,0,0,3225,0
1844,93329,8,1099,89141,4188,4807,0,0,5615,0
1845,93359,18,1099,86270,7089,9000,0,0,0,0
1846,93378,7,1211,89604,3774,4446,0,0,4043,1045
1847,92889,7,1211,88938,3951,4599,0,0,4834,667
1848,93311,9,1714,88770,4541,5277,0,0,4887,0
1849,93389,6,959,90323,3066,3563,0,0,4245,1922
1850,93410,7,1151,89179,4231,5015,0,0,3330,1407
1851,93394,9,1151,88888,4506,5245,0,0,5249,0
1852,93294,12,1405,87290,6004,7690,0,0,0,1186
1853,93408,7,1714,88148,5260,6445,0,0,2604,1797
1854,93317,8,1357,88607,4710,5874,0,0,0,2506
1855,93385,15,1357,86240,7145,9091,0,0,0,201
1856,93329,17,1736,85818,7511,9728,0,0,0,0
1857,93345,14,1752,85927,7418,9638,0,0,0,756
1858,93270,15,1571,86073,7197,9276,0,0,0,0
1859,93288,14,1571,86160,7128,9173,0,0,0,549
1860,93314,9,1752,86709,6605,8468,0,0,0,968
1861,93394,13,1645,87071,6323,8260,0,0,0,874
1862,93318,9,1940,87333,5985,7695,0,0,0,933
1863,93401,15,1940,86513,6888,9078,0,0,0,580
1864,93335,18,1604,86090,7245,9298,0,0,0,0
1865,93382,15,1604,86203,7179,9370,0,0,0,0
1866,93333,16,1145,86435,6898,8870,0,0,0,0
1867,93369,15,1492,86249,7120,9418,0,0,0,0
1868,93320,16,1406,85898,7422,9298,0,0,0,0
1869,93356,18,1501,86676,6680,9050,0,0,0,0
1870,93393,16,1492,86069,7324,9478,0,0,0,0
1871,93421,17,1347,86594,6827,9104,0,0,0,0
1872,93391,12,1361,86548,6843,8884,0,0,0,0
1873,93281,10,1923,87938,5343,7012,0,0,0,2734
1874,93276,14,1843,86883,6393,8439,0,0,0,601
1875,93342,11,1923,87292,6050,7870,0,0,0,1908
1876,93326,9,2492,86166,7160,9203,0,0,0,763
1877,93264,5,2492,88787,4477,5571,0,0,0,2915
1878,93356,13,1984,86370,6986,8943,0,0,0,217
1879,93306,11,1984,87361,5945,7426,0,0,0,1786
1880,93332,11,1488,87439,5893,7668,0,0,0,766
1881,93280,13,2040,86595,6685,8569,0,0,0,1005
1882,93320,17,1288,86513,6807,8798,0,0,0,0
1883,93345,17,1426,86105,7240,9236,0,0,0,0
1884,93403,12,1808,87238,6165,7881,0,0,0,2113
1885,93259,13,1808,85950,7309,9332,0,0,0,0
1886,93253,19,1436,85491,7762,10135,0,0,0,575
1887,93263,14,1376,86428,6835,9068,0,0,0,0
1888,93341,16,1458,86352,6989,9126,0,0,0,0
1889,93370,12,2333,86539,6831,8844,0,0,0,950
1890,93281,14,2333,86768,6513,8294,0,0,0,1474
1891,93336,15,1837,86276,7060,9064,0,0,0,0
1892,93370,5,1448,89810,3560,4109,0,0,5065,970
1893,93359,7,1448,88705,4654,5691,0,0,3058,1285
1894,93418,9,1424,88654,4764,5862,0,0,3835,1213
1895,93366,13,1369,87097,6269,8066,0,0,0,846
1896,93404,18,1706,85871,7533,9648,0,0,0,0
1897,93276,17,1706,86428,6848,8848,0,0,0,0
1898,93383,9,1246,88747,4636,5289,0,0,5259,0
1899,93313,11,1246,88651,4662,5397,0,0,5059,0
1900,93476,10,1029,88766,4710,5571,0,0,5235,0
1901,93353,10,1185,88256,5097,6199,0,0,4087,0
1902,93322,11,1581,88227,5095,6059,0,0,4227,0
1903,93434,15,1581,87596,5838,7020,0,0,3904,0
1904,93290,12,1036,88466,4824,5701,0,0,4353,0
1905,93386,8,1193,88275,5111,5994,0,0,4608,0
1906,93212,9,1036,88530,4682,5399,0,0,5087,0
1907,93334,8,1057,88559,4775,5617,0,0,4637,0
1908,93352,17,1786,85877,7475,9532,0,0,0,0
1909,93300,15,1225,86455,6845,8756,0,0,0,0
1910,93407,16,1636,86590,6817,8788,0,0,0,0
1911,93245,16,1636,85647,7598,9732,0,0,0,0
1912,93359,8,1889,89159,4200,5141,0,0,3805,962
1913,93257,9,1889,88024,5233,6214,0,0,3928,836
1914,93336,8,837,89210,4126,4689,0,0,5253,0
1915,93354,11,1187,88498,4856,5625,0,0,5103,0
1916,93370,14,1556,87333,6037,7699,0,0,0,1155
1917,93277,14,1556,86363,6914,8982,0,0,0,0
1918,93361,18,1786,86020,7341,9186,0,0,0,0
1919,93334,15,1235,86799,6535,8880,0,0,0,0
1920,93434,11,1759,87574,5860,6941,0,0,3365,0
1921,93343,11,1759,88123,5220,6040,0,0,4246,0
1922,93435,12,1836,87883,5552,6748,0,0,3642,0
1923,93352,12,1836,87889,5463,6515,0,0,3963,0
1924,93462,13,1702,87265,6197,7493,0,0,2803,0
1925,93304,13,1702,87338,5966,7198,0,0,3566,0
1926,93344,11,1206,88364,4980,5820,0,0,4326,0
1927,93365,9,1575,88245,5120,6140,0,0,3378,0
1928,93318,18,1868,85636,7682,9930,0,0,0,0
1929,93367,17,1868,85856,7511,9752,0,0,0,0
1930,93398,16,1156,86150,7248,9540,0,0,0,0
1931,93344,16,1395,85702,7642,10108,0,0,0,0
1932,93372,14,1461,86313,7059,9124,0,0,0,0
1933,93282,16,1461,86194,7088,9374,0,0,0,0
1934,93387,16,1296,86207,7180,9312,0,0,0,0
1935,93368,15,1357,86267,7101,9354,0,0,0,0
1936,93466,10,1890,87917,5549,7664,0,0,0,1234
1937,93442,12,1890,87351,6091,7818,0,0,0,1142
1938,93358,18,1628,85905,7453,9690,0,0,0,0
1939,93338,14,1628,86240,7098,9398,0,0,0,0
1940,93491,14,1728,85182,8309,10636,0,0,0,0
1941,93323,19,1728,85741,7582,9856,0,0,0,0
1942,93389,12,2056,87520,5869,7355,0,0,0,1249
1943,93362,12,2056,86473,6889,8963,0,0,0,935
1944,93454,11,1514,87529,5925,7450,0,0,0,2198
1945,93404,11,1884,87172,6232,7790,0,0,0,966
1946,93367,12,1884,85055,8312,10584,0,0,0,314
1947,93388,15,1600,86173,7215,9510,0,0,0,0
1948,93360,14,1676,86187,7173,9238,0,0,0,0
1949,93452,15,1676,86603,6849,9168,0,0,0,0
1950,93411,17,1231,86504,6907,9196,0,0,0,0
1951,93404,15,1452,86279,7125,9128,0,0,0,0
1952,93393,18,1296,86603,6790,9086,0,0,0,0
1953,93514,16,1770,84591,8923,11524,0,0,0,0
1954,93455,17,1599,86327,7128,9104,0,0,0,0
1955,93283,16,1599,86138,7145,9244,0,0,0,0
1956,93380,9,983,89054,4326,4994,0,0,4972,0
1957,93396,10,1408,88633,4763,5495,0,0,5163,0
1958,93406,10,1408,88758,4648,5249,0,0,5467,0
1959,93457,9,1057,88898,4559,5317,0,0,4849,0
1960,93397,12,1252,88062,5335,6316,0,0,4092,0
1961,93386,8,1252,89109,4277,4930,0,0,5158,0
1962,93408,15,1517,86219,7189,8982,0,0,894,0
1963,93316,18,1517,86245,7071,9126,0,0,0,0
1964,93307,17,1286,86179,7128,9240,0,0,0,0
1965,93322,15,1109,86800,6522,8748,0,0,0,0
1966,93354,16,1770,85932,7422,9690,0,0,0,0
1967,93304,14,1296,86102,7202,9572,0,0,0,0
1968,93353,16,1568,86293,7060,9242,0,0,0,0
1969,93381,18,1223,86263,7118,9092,0,0,0,0
1970,93415,15,1879,86169,7246,9164,0,0,0,0
1971,93379,17,1879,85868,7511,10110,0,0,0,0
1972,93413,9,1776,87547,5866,7592,0,0,0,1926
1973,93422,13,1776,86754,6668,8630,0,0,0,548
1974,93392,15,1509,86260,7132,9224,0,0,0,0
1975,93339,15,1509,85751,7588,9764,0,0,0,0
1976,93400,14,1766,86387,7013,9094,0,0,0,602
1977,93342,11,1766,87095,6247,7898,0,0,0,1192
1978,93410,8,1709,87841,5569,7244,0,0,0,1478
1979,93318,10,1611,86761,6557,8276,0,0,0,648
1980,93405,15,1709,86008,7397,9580,0,0,0,374
1981,93280,13,1591,86371,6909,9150,0,0,0,0
1982,93449,17,1462,86046,7403,9398,0,0,0,0
1983,93427,16,1591,85972,7455,9620,0,0,0,0
1984,93299,12,1874,86621,6678,8624,0,0,0,0
1985,93378,17,1874,84879,8499,10828,0,0,0,0
1986,93277,15,1640,86364,6913,9260,0,0,0,0
1987,93368,15,1409,86191,7177,9454,0,0,0,0
1988,93401,12,1226,87641,5760,6958,0,0,3470,0
1989,93335,8,1193,88659,4676,5474,0,0,4628,0
1990,93446,12,1112,87898,5548,6762,0,0,4114,0
1991,93380,10,1042,88568,4812,5708,0,0,4024,0
1992,93368,11,1098,88948,4420,5082,0,0,4900,0
1993,93420,13,1098,87131,6289,7720,0,0,2370,0
1994,93339,10,1367,88464,4875,5637,0,0,5221,0
1995,93431,11,1367,88087,5344,6278,0,0,4032,0
1996,93295,15,1764,86188,7107,9414,0,0,0,0
1997,93334,16,1764,85907,7427,9386,0,0,0,0
1998,93325,15,1244,86283,7042,9640,0,0,0,0
1999,93318,17,1146,86044,7274,9674,0,0,0,0
2000,93326,8,1203,88992,4334,4929,0,0,5307,0
2001,93379,17,1232,86203,7176,9146,0,0,0,0
2002,93330,9,1478,88576,4754,5445,0,0,5411,0
2003,93442,9,1478,87924,5518,6520,0,0,3768,0
2004,93369,19,1714,85256,8113,10246,0,0,0,0
2005,93288,13,1714,86353,6935,8718,0,0,0,0
2006,93439,16,1342,86252,7187,8919,0,0,1635,0
2007,93338,9,1342,88545,4793,5568,0,0,4644,0
2008,93412,13,1378,88191,5221,6332,0,0,3826,0
2009,93283,13,1378,86836,6447,7807,0,0,3099,0
2010,93299,16,1414,85987,7312,9506,0,0,0,0
2011,93273,12,1414,86175,7098,9008,0,0,0,0
2012,93312,11,1580,87374,5938,7170,0,0,3242,0
2013,93336,10,1476,88373,4963,5770,0,0,5612,0
2014,93350,8,1587,88949,4401,5065,0,0,5493,0
2015,93435,15,1587,87057,6378,7721,0,0,3229,0
2016,93365,13,1468,86286,7079,9266,0,0,0,0
2017,93354,13,1264,87244,6110,7774,0,0,0,1220
2018,93428,11,2111,87085,6343,8109,0,0,0,897
2019,93284,12,2111,86455,6829,8694,0,0,0,754
2020,93327,16,1971,85602,7725,10062,0,0,0,0
2021,93364,11,1519,87743,5621,7256,0,0,0,1368
2022,93306,10,1572,87321,5985,7642,0,0,0,1970
2023,87018,13,1971,80385,6633,8686,0,0,0,0
2024,93328,15,1382,86109,7219,9120,0,0,0,462
2025,93369,16,1312,86496,6873,8872,0,0,0,0
2026,93375,17,1477,85848,7527,9610,0,0,0,0
2027,93356,9,1477,87542,5814,7304,0,0,0,1758
2028,93338,15,1729,85867,7471,9608,0,0,0,0
2029,93285,16,1729,86324,6961,9210,0,0,0,0
2030,93339,13,1382,87017,6322,7997,0,0,0,631
2031,93418,10,1380,87659,5759,7362,0,0,0,1218
2032,93312,16,1761,85181,8131,10668,0,0,0,0
2033,93314,11,1761,87071,6243,7997,0,0,0,583
2034,93313,8,1325,88335,4978,6203,0,0,0,2485
2035,93355,17,1662,86473,6882,8832,0,0,0,870
2036,93346,14,2048,86436,6910,9174,0,0,0,0
2037,93377,17,2048,85858,7519,9918,0,0,0,0
2038,93328,10,1656,87701,5627,7217,0,0,0,1463
2039,93320,11,1656,87305,6015,7749,0,0,0,2085
2040,92281,8,1404,87917,4364,5109,0,0,5017,540
2041,93021,13,1358,86800,6221,7608,0,0,2498,0
2042,93079,8,1404,87601,5478,6840,0,0,996,2078
2043,93252,17,1771,86505,6747,8685,0,0,0,709
2044,93301,7,1820,89059,4242,4815,0,0,5857,532
2045,93370,12,1820,87482,5888,7135,0,0,1879,1242
2046,93329,14,1343,87135,6194,7697,0,0,2861,0
2047,93389,9,1343,88635,4754,5758,0,0,2598,1536
