partition,elements,neighboring_ranks,max_mpi_faces_per_neighboring_rank,interior_elements,mpi_elements,mpi_faces,mpi_dr_faces,dynamic_rupture_faces,free_surface_faces,transparent_faces,mpi_copy_elements,mpi_ghost_elements
0,377,10,35,242,135,160,0,0,36,0,148,156
1,381,12,35,199,182,210,0,0,0,0,203,199
2,378,14,35,213,165,204,0,0,0,0,192,194
3,374,13,35,211,163,204,0,0,0,0,193,182
4,381,15,28,221,160,202,0,0,0,0,187,191
5,376,13,24,244,132,154,0,0,50,0,152,147
6,375,8,35,236,139,168,0,0,50,0,157,159
7,380,12,46,224,156,183,0,0,35,0,172,173
8,380,16,38,210,170,206,0,0,0,0,191,194
9,381,15,38,207,174,216,0,0,0,0,202,202
10,373,14,29,218,155,190,0,0,0,0,176,184
11,378,16,29,206,172,218,0,0,0,0,208,206
12,375,10,31,226,149,175,0,0,23,0,164,158
13,379,12,46,225,154,188,0,0,34,0,175,174
14,376,11,40,243,133,162,0,0,52,0,149,153
15,371,11,40,207,164,194,0,0,0,0,186,179
16,380,13,38,216,164,202,0,0,0,0,191,191
17,377,12,38,227,150,169,0,0,39,0,163,158
18,379,10,33,243,136,173,0,0,43,0,161,163
19,377,14,33,218,159,206,0,0,0,0,191,199
20,379,14,41,204,175,226,0,0,0,0,207,221
21,381,14,41,214,167,206,0,0,0,0,189,193
22,377,15,38,202,175,206,0,0,0,0,197,193
23,373,17,40,182,191,236,0,0,0,0,222,221
24,380,11,28,230,150,178,0,0,0,0,163,176
25,376,10,30,234,142,157,0,0,55,0,151,148
26,380,15,37,216,164,196,0,0,0,0,188,187
27,375,12,37,230,145,174,0,0,28,0,167,164
28,380,14,48,193,187,223,0,0,3,0,211,206
29,378,7,48,250,128,158,0,0,62,0,149,153
30,373,14,39,200,173,212,0,0,0,0,202,196
31,376,13,35,205,171,212,0,0,0,0,196,193
32,381,15,33,214,167,207,0,0,9,0,193,201
33,376,15,31,212,164,206,0,0,0,0,193,195
34,379,8,42,245,134,157,0,0,51,0,147,143
35,380,14,42,222,158,192,0,0,0,0,178,182
36,373,15,47,207,166,208,0,0,0,0,193,196
37,380,12,47,207,173,218,0,0,0,0,202,212
38,379,9,28,243,136,151,0,0,55,0,149,140
39,380,13,31,232,148,186,0,0,36,0,181,173
40,375,17,32,202,173,208,0,0,0,0,201,197
41,375,18,32,196,179,218,0,0,0,0,212,204
42,382,11,33,220,162,216,0,0,0,0,196,208
43,376,15,33,209,167,188,0,0,0,0,184,182
44,381,12,37,228,153,186,0,0,16,0,178,173
45,381,13,37,231,150,178,0,0,38,0,169,173
46,377,12,37,224,153,183,0,0,57,0,173,172
47,380,12,38,227,153,182,0,0,12,0,171,170
48,378,13,43,215,163,190,0,0,0,20,184,177
49,379,20,45,202,177,206,0,0,0,0,194,190
50,376,17,29,209,167,210,0,0,0,0,195,201
51,377,19,45,187,190,224,0,0,0,0,216,215
52,375,18,35,190,185,232,0,0,0,0,222,215
53,378,15,33,229,149,188,0,0,0,0,175,183
54,376,14,46,203,173,200,0,0,0,0,193,190
55,377,16,46,204,173,214,0,0,0,0,205,202
56,371,16,39,201,170,208,0,0,0,0,193,198
57,377,17,39,193,184,222,0,0,0,0,212,214
58,377,18,34,223,154,190,0,0,0,0,183,185
59,376,17,34,201,175,216,0,0,0,0,207,198
60,378,17,30,209,169,210,0,0,0,0,200,195
61,377,14,32,198,179,222,0,0,0,0,213,214
62,375,16,31,219,156,188,0,0,0,0,178,175
63,379,16,32,210,169,204,0,0,0,0,196,196
64,379,14,31,242,137,167,0,0,37,0,159,161
65,374,12,35,224,150,170,0,0,36,0,162,158
66,376,14,46,214,162,196,0,0,0,0,191,182
67,376,12,40,214,162,198,0,0,0,0,191,191
68,377,11,35,233,144,169,0,0,37,0,156,168
69,379,12,33,219,160,202,0,0,22,0,188,184
70,381,14,41,195,186,216,0,0,0,0,205,201
71,378,16,41,204,174,202,0,0,0,0,195,193
72,380,16,28,204,176,208,0,0,0,0,193,194
73,381,16,40,208,173,210,0,0,0,0,193,199
74,377,16,33,205,172,212,0,0,0,0,199,209
75,373,13,33,215,158,202,0,0,0,0,188,191
76,378,10,47,218,160,196,0,0,14,0,187,183
77,378,12,47,240,138,159,0,0,49,0,152,149
78,377,11,32,239,138,169,0,0,41,0,159,158
79,378,10,44,224,154,179,0,0,45,0,170,159
80,381,12,34,234,147,179,0,0,0,27,165,176
81,379,11,34,230,149,178,0,0,0,32,171,165
82,381,16,52,193,188,230,0,0,0,0,220,223
83,378,13,52,198,180,218,0,0,0,0,213,196
84,379,10,31,244,135,171,0,0,37,0,161,159
85,375,9,29,253,122,140,0,0,51,11,131,136
86,374,7,51,251,123,143,0,0,32,55,138,130
87,378,9,51,230,148,179,0,0,17,0,165,173
88,379,11,46,208,171,210,0,0,14,0,194,195
89,377,10,46,252,125,148,0,0,50,18,137,142
90,380,15,34,217,163,198,0,0,18,0,184,186
91,377,12,31,220,157,186,0,0,0,0,173,178
92,375,16,44,196,179,216,0,0,0,0,209,199
93,380,12,35,211,169,205,0,0,0,11,191,190
94,379,12,32,227,152,181,0,0,0,31,165,169
95,379,11,32,249,130,156,0,0,0,36,142,143
96,377,11,45,221,156,190,0,0,36,0,176,187
97,374,13,38,213,161,202,0,0,14,0,193,186
98,381,9,41,254,127,146,0,0,21,47,138,140
99,377,5,41,258,119,134,0,0,47,37,128,129
100,380,15,48,206,174,228,0,0,0,0,214,215
101,376,12,48,202,174,211,0,0,0,5,199,202
102,377,13,39,239,138,169,0,0,0,23,155,155
103,374,11,41,223,151,190,0,0,0,22,175,171
104,375,13,48,196,179,216,0,0,0,0,202,203
105,380,13,48,199,181,226,0,0,0,0,206,215
106,376,13,41,204,172,200,0,0,0,0,192,188
107,380,18,41,203,177,216,0,0,0,0,203,208
108,376,12,28,241,135,169,0,0,53,0,158,159
109,380,11,35,247,133,157,0,0,43,0,153,147
110,376,20,31,196,180,210,0,0,0,0,206,193
111,381,16,29,213,168,206,0,0,0,0,195,196
112,372,14,38,227,145,170,0,0,0,54,164,159
113,381,15,44,208,173,210,0,0,0,8,197,203
114,376,17,44,198,178,218,0,0,0,0,204,203
115,381,9,40,243,138,156,0,0,0,64,144,147
116,376,17,49,193,183,220,0,0,0,0,209,210
117,381,17,49,188,193,244,0,0,0,0,230,232
118,375,15,32,214,161,202,0,0,0,0,195,188
119,377,19,36,189,188,234,0,0,0,0,220,219
120,380,19,37,205,175,220,0,0,0,0,212,197
121,381,16,37,188,193,230,0,0,0,2,216,224
122,375,18,46,191,184,226,0,0,0,0,217,212
123,377,15,46,201,176,210,0,0,0,0,204,197
124,380,12,45,221,159,201,0,0,0,11,183,189
125,378,11,41,216,162,198,0,0,0,24,180,184
126,372,13,36,218,154,179,0,0,0,37,173,166
127,379,8,45,245,134,163,0,0,0,57,150,154
128,381,13,36,226,155,187,0,0,0,29,178,186
129,376,15,25,201,175,204,0,0,0,0,199,195
130,375,11,37,252,123,147,0,0,0,81,144,138
131,380,11,37,215,165,204,0,0,0,0,183,191
132,375,12,32,236,139,181,0,0,0,37,167,166
133,373,14,31,207,166,194,0,0,0,0,186,182
134,378,6,43,272,106,118,0,0,0,88,115,114
135,376,11,44,232,144,165,0,0,0,51,159,158
136,379,13,56,230,149,195,0,0,0,29,179,181
137,378,13,56,212,166,195,0,0,0,31,187,184
138,377,18,36,211,166,202,0,0,0,0,194,192
139,381,13,40,216,165,191,0,0,0,9,181,173
140,377,15,38,204,173,216,0,0,0,0,200,203
141,379,12,38,203,176,220,0,0,0,0,200,201
142,377,18,38,210,167,202,0,0,0,0,191,194
143,376,16,38,189,187,220,0,0,0,0,211,209
144,380,13,36,211,169,222,0,0,0,2,201,200
145,383,15,35,213,170,216,0,0,0,0,198,202
146,378,13,39,217,161,176,0,0,0,44,172,168
147,375,10,39,234,141,172,0,0,0,40,154,157
148,380,6,32,270,110,126,0,0,33,31,120,120
149,376,7,34,241,135,151,0,0,25,18,144,146
150,375,10,30,222,153,191,0,0,15,0,173,173
151,381,11,30,235,146,172,0,0,30,0,163,161
152,376,13,41,200,176,215,0,0,0,17,201,205
153,380,13,41,239,141,172,0,0,0,34,158,158
154,374,12,33,234,140,167,0,0,0,37,159,155
155,380,16,28,208,172,208,0,0,0,0,198,197
156,378,6,41,267,111,122,0,0,54,36,116,118
157,373,9,41,205,168,195,0,0,7,12,186,185
158,381,12,40,221,160,198,0,0,0,6,185,191
159,378,8,37,250,128,151,0,0,62,25,144,139
160,380,17,28,219,161,192,0,0,0,0,186,177
161,379,15,35,224,155,190,0,0,0,0,182,188
162,380,13,36,229,151,192,0,0,0,0,176,178
163,377,15,36,211,166,194,0,0,0,0,189,176
164,381,12,34,240,141,163,0,0,51,0,159,148
165,376,11,34,252,124,157,0,0,61,0,141,152
166,376,12,36,208,168,206,0,0,0,0,191,188
167,381,10,38,239,142,178,0,0,40,0,158,164
168,376,15,47,201,175,214,0,0,0,0,208,203
169,379,10,27,247,132,155,0,0,55,0,147,147
170,381,15,41,214,167,204,0,0,0,0,194,196
171,379,12,41,195,184,228,0,0,2,0,218,211
172,376,14,35,198,178,202,0,0,0,0,198,194
173,381,16,35,212,169,208,0,0,0,0,195,195
174,375,14,28,223,152,188,0,0,0,0,175,185
175,376,14,47,191,185,216,0,0,0,0,210,208
176,380,9,53,238,142,162,0,0,66,0,155,153
177,379,15,53,198,181,220,0,0,4,0,206,213
178,374,16,36,205,169,204,0,0,0,0,193,193
179,381,11,33,236,145,160,0,0,48,0,158,152
180,372,17,42,191,181,224,0,0,0,0,213,205
181,381,16,39,222,159,198,0,0,0,0,179,189
182,376,13,40,212,164,196,0,0,0,0,187,190
183,379,13,38,230,149,189,0,0,41,0,171,179
184,380,16,31,211,169,208,0,0,0,0,197,197
185,378,18,36,210,168,214,0,0,0,0,199,200
186,377,14,45,218,159,186,0,0,0,0,178,180
187,377,15,45,199,178,224,0,0,0,0,209,217
188,378,12,22,238,140,164,0,0,42,0,159,158
189,374,13,34,224,150,188,0,0,0,0,180,176
190,379,15,35,213,166,197,0,0,57,0,186,191
191,376,11,34,240,136,158,0,0,52,0,151,154
192,380,11,37,224,156,194,0,0,0,16,180,184
193,377,10,37,243,134,154,0,0,0,42,147,144
194,381,15,40,210,171,200,0,0,0,0,189,187
195,376,14,44,200,176,218,0,0,0,0,206,207
196,374,13,54,202,172,204,0,0,0,0,193,185
197,380,10,54,235,145,181,0,0,0,49,168,174
198,375,14,33,214,161,191,0,0,15,0,181,178
199,378,6,37,258,120,137,0,0,54,31,132,129
200,380,8,37,252,128,154,0,0,25,27,146,148
201,379,10,37,235,144,162,0,0,37,15,157,151
202,372,10,36,222,150,182,0,0,0,0,169,174
203,382,14,39,226,156,194,0,0,0,24,182,179
204,376,11,34,247,129,153,0,0,43,0,147,146
205,381,15,40,225,156,202,0,0,0,0,190,195
206,377,12,31,238,139,165,0,0,47,0,158,155
207,379,18,40,196,183,220,0,0,0,0,207,202
208,379,6,30,284,95,113,0,0,61,44,103,112
209,375,12,39,235,140,169,0,0,0,21,157,156
210,377,6,45,258,119,133,0,0,13,68,129,122
211,377,6,45,244,133,156,0,0,0,66,144,149
212,373,13,55,212,161,190,0,0,0,18,184,179
213,377,12,55,213,164,201,0,0,0,7,187,200
214,379,8,36,265,114,138,0,0,43,41,128,131
215,379,10,30,238,141,157,0,0,41,0,150,144
216,371,12,41,201,170,204,0,0,0,20,198,189
217,381,9,31,241,140,170,0,0,0,36,156,159
218,377,11,52,195,182,223,0,0,0,15,208,209
219,380,9,52,249,131,153,0,0,0,59,143,140
220,378,15,40,208,170,202,0,0,0,0,197,193
221,380,14,40,208,172,220,0,0,0,0,200,209
222,378,8,36,271,107,122,0,0,0,66,116,115
223,381,12,36,223,158,190,0,0,0,32,174,177
224,378,7,32,258,120,132,0,0,57,19,131,128
225,377,10,36,243,134,151,0,0,0,33,149,141
226,381,10,44,218,163,205,0,0,0,9,188,189
227,379,10,44,245,134,156,0,0,34,28,153,152
228,375,10,42,233,142,172,0,0,0,38,158,160
229,378,6,34,258,120,144,0,0,37,23,134,129
230,381,12,42,216,165,196,0,0,0,0,179,185
231,382,13,34,243,139,166,0,0,0,48,157,158
232,375,13,24,215,160,196,0,0,0,0,185,180
233,378,15,32,205,173,214,0,0,0,0,207,199
234,381,13,50,215,166,202,0,0,14,0,193,187
235,381,13,50,238,143,182,0,0,48,0,167,166
236,381,12,41,253,128,152,0,0,40,0,144,144
237,380,12,41,223,157,195,0,0,25,0,178,183
238,378,16,37,212,166,200,0,0,0,0,193,187
239,376,14,37,212,164,206,0,0,0,0,189,191
240,377,12,34,234,143,172,0,0,48,0,160,162
241,375,15,26,203,172,216,0,0,0,0,201,205
242,377,11,38,223,154,177,0,0,47,0,169,162
243,381,10,36,224,157,178,0,0,42,0,172,165
244,381,10,42,230,151,192,0,0,0,0,166,188
245,380,11,42,230,150,186,0,0,38,0,171,177
246,380,14,33,219,161,196,0,0,0,0,178,187
247,370,16,40,190,180,214,0,0,0,0,202,193
248,380,11,45,203,177,228,0,0,10,0,206,213
249,377,9,40,249,128,152,0,0,70,0,140,143
250,376,16,35,211,165,204,0,0,0,0,195,186
251,376,11,45,212,164,200,0,0,0,0,187,188
252,382,18,43,195,187,230,0,0,0,0,217,213
253,374,15,43,201,173,218,0,0,0,0,203,205
254,377,15,30,206,171,216,0,0,0,0,204,201
255,380,15,30,212,168,210,0,0,0,0,194,201
256,377,13,34,213,164,192,0,0,0,4,185,185
257,379,16,34,206,173,218,0,0,0,0,209,212
258,376,13,31,214,162,200,0,0,0,0,188,192
259,376,10,31,244,132,161,0,0,0,57,147,159
260,379,14,44,211,168,202,0,0,28,0,194,183
261,375,13,44,219,156,191,0,0,51,0,179,183
262,379,10,31,252,127,154,0,0,18,52,145,151
263,379,6,35,256,123,130,0,0,56,16,129,124
264,382,17,47,195,187,234,0,0,0,0,213,217
265,370,9,43,238,132,158,0,0,0,44,145,143
266,378,11,42,237,141,165,0,0,0,11,159,153
267,376,6,42,268,108,121,0,0,48,33,118,117
268,376,14,47,196,180,214,0,0,0,0,200,203
269,380,14,46,203,177,202,0,0,0,0,196,190
270,377,10,40,228,149,170,0,0,48,0,166,167
271,376,7,40,224,152,174,0,0,32,0,163,169
272,375,16,32,194,181,226,0,0,0,0,215,212
273,376,13,29,214,162,200,0,0,0,0,189,189
274,382,15,31,218,164,210,0,0,0,0,188,209
275,375,16,32,200,175,204,0,0,0,0,195,189
276,380,12,38,228,152,188,0,0,42,0,176,176
277,380,14,38,220,160,192,0,0,30,0,183,180
278,380,13,35,207,173,208,0,0,0,0,198,193
279,377,11,35,238,139,156,0,0,26,0,145,152
280,377,17,32,203,174,214,0,0,0,0,208,200
281,375,12,36,212,163,180,0,0,0,0,176,177
282,381,14,45,213,168,206,0,0,26,0,194,198
283,379,12,45,212,167,189,0,0,25,0,181,186
284,378,13,36,219,159,190,0,0,0,0,179,187
285,376,13,36,237,139,156,0,0,60,0,152,145
286,379,14,50,197,182,208,0,0,0,0,200,200
287,375,9,50,233,142,174,0,0,48,0,165,160
288,379,21,31,207,172,222,0,0,0,0,207,207
289,377,18,34,210,167,200,0,0,0,0,194,192
290,378,11,44,212,166,200,0,0,0,0,186,181
291,375,14,35,206,169,198,0,0,0,0,187,185
292,379,18,38,217,162,198,0,0,0,0,184,192
293,376,15,40,208,168,198,0,0,0,0,192,190
294,371,19,37,207,164,208,0,0,0,0,199,197
295,373,12,39,207,166,204,0,0,0,0,193,191
296,376,12,34,214,162,196,0,0,0,16,185,188
297,377,16,31,215,162,204,0,0,0,0,191,195
298,376,9,39,237,139,163,0,0,0,41,153,153
299,375,15,39,213,162,200,0,0,0,0,193,186
300,378,16,38,205,173,224,0,0,0,0,209,208
301,378,16,34,204,174,198,0,0,0,0,198,185
302,378,11,32,225,153,174,0,0,0,32,169,166
303,380,12,38,226,154,181,0,0,0,33,167,169
304,378,16,43,216,162,190,0,0,0,0,178,183
305,382,13,36,224,158,199,0,0,0,21,185,198
306,380,14,30,222,158,202,0,0,0,0,181,191
307,378,21,43,174,204,252,0,0,0,0,237,236
308,377,13,32,222,155,184,0,0,0,28,176,170
309,375,13,31,215,160,194,0,0,0,32,187,180
310,377,11,36,236,141,175,0,0,0,39,163,167
311,371,10,36,233,138,165,0,0,0,37,159,148
312,379,11,41,228,151,184,0,0,0,34,169,169
313,374,18,29,198,176,210,0,0,0,0,200,204
314,380,12,34,224,156,187,0,0,0,31,176,184
315,374,13,41,216,158,193,0,0,0,25,181,179
316,379,4,50,286,93,112,0,0,0,98,103,103
317,380,9,36,235,145,176,0,0,0,58,164,164
318,379,13,43,223,156,190,0,0,0,24,185,182
319,374,7,50,229,145,165,0,0,0,35,158,157
320,378,4,36,284,94,110,0,0,35,69,100,110
321,379,10,36,237,142,163,0,0,15,20,154,151
322,375,6,36,262,113,124,0,0,0,82,122,111
323,378,10,30,221,157,183,0,0,0,17,168,169
324,373,9,41,245,128,153,0,0,3,54,141,141
325,378,9,41,224,154,176,0,0,0,22,170,166
326,378,8,30,269,109,128,0,0,69,31,124,117
327,381,10,30,228,153,188,0,0,14,0,172,180
328,380,16,26,216,164,200,0,0,0,0,189,192
329,379,12,37,217,162,179,0,0,0,13,172,173
330,379,11,29,239,140,170,0,0,0,38,162,166
331,380,8,28,265,115,129,0,0,0,67,128,126
332,376,14,39,197,179,225,0,0,0,3,210,204
333,377,13,39,203,174,210,0,0,0,0,203,191
334,380,11,48,237,143,175,0,0,0,31,164,158
335,377,10,48,233,144,186,0,0,0,42,164,180
336,377,11,27,236,141,170,0,0,26,0,162,163
337,378,12,27,209,169,198,0,0,0,0,186,195
338,381,15,28,216,165,200,0,0,0,0,191,195
339,376,18,27,217,159,186,0,0,0,0,186,178
340,379,10,26,245,134,160,0,0,44,0,151,154
341,369,12,27,224,145,175,0,0,31,0,164,166
342,380,9,42,224,156,182,0,0,34,0,174,166
343,381,11,42,209,172,213,0,0,19,0,199,207
344,378,10,46,233,145,182,0,0,0,28,166,180
345,378,13,46,218,160,200,0,0,0,0,188,187
346,377,12,24,247,130,153,0,0,43,0,152,142
347,377,5,36,273,104,114,0,0,53,35,109,114
348,369,7,47,238,131,150,0,0,31,27,139,140
349,381,6,47,248,133,149,0,0,9,40,141,140
350,374,13,37,226,148,169,0,0,0,37,161,159
351,378,13,37,219,159,194,0,0,0,14,180,177
352,373,9,34,239,134,151,0,0,9,64,140,140
353,381,9,34,255,126,162,0,0,48,0,146,151
354,376,8,36,247,129,147,0,0,61,24,135,136
355,376,14,36,221,155,192,0,0,0,0,181,183
356,380,16,27,215,165,206,0,0,0,0,196,201
357,381,16,32,228,153,190,0,0,0,24,180,177
358,380,11,39,241,139,185,0,0,0,35,162,159
359,376,12,39,199,177,204,0,0,0,0,194,194
360,380,9,70,248,132,157,0,0,12,59,145,145
361,377,10,70,218,159,184,0,0,37,3,172,171
362,377,16,39,199,178,220,0,0,0,6,205,205
363,376,14,39,231,145,170,0,0,0,44,161,161
364,376,15,40,204,172,212,0,0,0,0,201,202
365,380,14,40,202,178,212,0,0,0,0,197,203
366,380,10,31,246,134,162,0,0,0,42,156,155
367,380,11,37,236,144,168,0,0,0,48,161,157
368,382,19,30,213,169,216,0,0,0,0,203,205
369,378,13,31,211,167,200,0,0,0,0,194,187
370,374,17,37,203,171,222,0,0,0,0,211,208
371,379,13,37,210,169,208,0,0,0,0,200,198
372,380,13,27,211,169,204,0,0,0,0,193,193
373,377,12,27,238,139,169,0,0,43,0,153,157
374,381,16,39,202,179,220,0,0,0,0,210,214
375,376,12,34,221,155,188,0,0,0,0,177,175
376,376,13,48,210,166,211,0,0,9,0,196,197
377,376,12,48,231,145,170,0,0,36,0,162,162
378,380,8,48,232,148,180,0,0,46,0,167,173
379,379,14,28,230,149,180,0,0,34,0,168,168
380,377,12,25,232,145,179,0,0,43,0,173,171
381,380,13,28,209,171,200,0,0,0,0,191,182
382,375,10,30,223,152,177,0,0,39,0,171,160
383,374,11,48,233,141,165,0,0,63,0,158,157
384,380,15,33,224,156,193,0,0,0,19,176,173
385,374,12,35,235,139,165,0,0,0,41,153,155
386,374,15,31,228,146,179,0,0,0,29,171,175
387,381,13,31,216,165,190,0,0,0,32,178,177
388,380,15,47,210,170,208,0,0,0,0,201,200
389,381,17,47,199,182,226,0,0,0,0,213,217
390,378,15,35,195,183,210,0,0,0,0,201,204
391,375,13,42,215,160,198,0,0,0,0,184,188
392,381,15,27,206,175,208,0,0,0,0,198,203
393,380,12,31,248,132,163,0,0,37,0,155,148
394,374,12,33,230,144,172,0,0,40,0,162,164
395,379,9,31,237,142,166,0,0,32,0,163,150
396,380,11,32,237,143,179,0,0,29,0,169,175
397,380,7,44,263,117,130,0,0,53,25,119,122
398,377,8,52,230,147,179,0,0,0,37,170,170
399,374,10,52,215,159,189,0,0,0,31,183,177
400,373,13,51,229,144,177,0,0,0,45,169,167
401,379,10,51,217,162,192,0,0,0,26,181,182
402,380,15,36,211,169,218,0,0,0,0,196,203
403,374,14,34,216,158,192,0,0,0,0,178,175
404,377,12,46,227,150,177,0,0,0,25,168,170
405,381,8,46,263,118,143,0,0,45,48,126,137
406,375,9,41,254,121,146,0,0,35,23,136,136
407,376,12,30,215,161,182,0,0,0,0,174,173
408,379,14,42,213,166,212,0,0,0,0,190,196
409,379,16,42,212,167,202,0,0,0,0,190,187
410,380,13,50,244,136,174,0,0,42,0,161,161
411,374,13,50,204,170,199,0,0,15,0,188,191
412,374,13,46,206,168,199,0,0,19,0,187,185
413,379,11,46,240,139,176,0,0,46,0,162,159
414,378,13,36,242,136,166,0,0,0,18,154,161
415,376,8,36,261,115,136,0,0,49,27,131,129
416,380,12,42,221,159,194,0,0,44,0,186,173
417,377,10,42,228,149,181,0,0,19,0,165,166
418,381,10,33,239,142,166,0,0,30,0,154,160
419,379,17,43,190,189,228,0,0,0,0,214,213
420,373,14,43,205,168,206,0,0,0,0,200,188
421,378,15,43,210,168,210,0,0,0,0,199,204
422,378,13,33,219,159,192,0,0,0,0,184,177
423,380,14,33,207,173,216,0,0,0,0,198,204
424,378,16,27,221,157,196,0,0,0,0,189,185
425,377,16,30,215,162,200,0,0,0,0,192,192
426,379,18,44,199,180,218,0,0,0,0,208,209
427,376,18,35,181,195,238,0,0,0,0,228,222
428,377,15,44,221,156,194,0,0,0,0,180,182
429,379,15,44,196,183,230,0,0,0,0,215,207
430,378,17,38,200,178,230,0,0,0,0,215,211
431,376,17,39,198,178,222,0,0,0,0,205,213
432,381,16,43,206,175,214,0,0,0,0,197,194
433,377,13,42,192,185,229,0,0,3,0,210,210
434,377,13,31,241,136,165,0,0,45,0,155,157
435,375,8,31,243,132,159,0,0,47,0,145,153
436,377,14,34,210,167,204,0,0,0,0,193,197
437,381,15,34,221,160,196,0,0,0,0,178,192
438,381,14,42,224,157,192,0,0,46,0,184,185
439,375,13,42,222,153,178,0,0,0,0,173,170
440,376,9,28,244,132,149,0,0,37,0,140,146
441,382,13,30,226,156,182,0,0,0,0,174,174
442,379,8,42,248,131,164,0,0,56,0,149,159
443,374,15,42,197,177,217,0,0,23,0,204,207
444,380,14,32,210,170,212,0,0,0,0,202,197
445,376,10,32,237,139,166,0,0,50,0,158,157
446,377,14,38,196,181,212,0,0,0,0,204,203
447,374,14,38,209,165,204,0,0,0,0,197,184
448,378,12,43,213,165,195,0,0,29,0,183,180
449,379,13,38,236,143,185,0,0,43,0,167,177
450,380,18,29,188,192,228,0,0,0,0,220,209
451,373,13,34,216,157,190,0,0,0,0,181,181
452,381,12,34,223,158,190,0,0,36,0,176,183
453,380,7,36,247,133,155,0,0,51,0,149,145
454,378,15,34,215,163,200,0,0,14,0,190,191
455,373,13,36,201,172,206,0,0,0,0,193,183
456,380,12,29,226,154,194,0,0,0,0,177,182
457,381,13,37,225,156,184,0,0,0,0,174,174
458,378,16,38,215,163,192,0,0,0,0,185,179
459,377,14,37,202,175,214,0,0,0,0,207,196
460,375,17,27,206,169,210,0,0,0,0,206,193
461,371,14,21,218,153,190,0,0,0,0,179,182
462,377,14,41,212,165,202,0,0,0,0,192,197
463,381,14,41,207,174,218,0,0,0,0,202,206
464,378,16,39,203,175,228,0,0,0,0,206,213
465,380,14,40,203,177,226,0,0,0,0,208,201
466,380,14,44,204,176,218,0,0,0,0,198,208
467,379,18,44,201,178,220,0,0,0,0,210,210
468,380,12,39,220,160,186,0,0,26,0,172,178
469,380,13,46,215,165,201,0,0,37,0,189,184
470,378,10,46,230,148,179,0,0,39,0,160,170
471,372,10,43,205,167,200,0,0,10,0,190,180
472,380,14,42,205,175,218,0,0,0,0,209,204
473,376,12,42,210,166,196,0,0,0,0,183,196
474,379,13,29,235,144,167,0,0,49,0,160,162
475,377,9,38,234,143,163,0,0,43,0,160,155
476,378,9,39,229,149,180,0,0,32,0,172,176
477,380,15,30,215,165,200,0,0,18,0,191,193
478,374,10,39,236,138,167,0,0,31,0,158,155
479,375,14,35,220,155,180,0,0,0,0,172,162
480,381,12,35,217,164,188,0,0,0,0,180,185
481,374,12,44,229,145,174,0,0,62,0,166,165
482,381,15,44,210,171,221,0,0,29,0,200,209
483,374,12,37,204,170,204,0,0,0,0,198,189
484,375,9,36,237,138,160,0,0,46,0,152,154
485,373,9,36,216,157,182,0,0,14,0,171,171
486,380,16,26,216,164,202,0,0,0,0,188,195
487,381,14,36,205,176,214,0,0,0,0,207,208
488,376,10,39,231,145,173,0,0,37,0,164,163
489,375,14,39,202,173,208,0,0,0,0,196,203
490,376,11,33,240,136,158,0,0,34,0,148,149
491,379,13,36,215,164,198,0,0,30,0,191,185
492,374,17,29,203,171,210,0,0,0,0,204,198
493,374,20,28,209,165,198,0,0,0,0,191,185
494,376,16,40,210,166,204,0,0,0,0,191,193
495,376,16,40,203,173,204,0,0,0,0,197,192
496,377,11,46,215,162,188,0,0,0,0,181,179
497,378,12,46,227,151,178,0,0,54,0,172,165
498,374,14,35,192,182,218,0,0,0,0,209,205
499,378,12,35,220,158,190,0,0,24,0,184,175
500,376,10,28,242,134,156,0,0,54,0,151,143
501,376,12,33,224,152,188,0,0,0,0,174,180
502,381,17,38,201,180,222,0,0,0,0,213,214
503,379,16,33,209,170,210,0,0,0,0,194,201
504,378,18,29,206,172,210,0,0,0,0,197,200
505,377,16,36,213,164,196,0,0,0,0,194,183
506,377,16,37,204,173,214,0,0,0,0,202,210
507,376,15,30,201,175,210,0,0,0,0,201,195
508,377,14,44,199,178,218,0,0,0,0,205,209
509,378,11,44,219,159,198,0,0,0,0,182,189
510,373,16,33,209,164,200,0,0,0,0,189,187
511,378,16,33,198,180,210,0,0,0,0,205,198
512,380,15,47,205,175,206,0,0,0,36,197,197
513,377,6,47,272,105,120,0,0,47,39,114,115
514,381,11,33,240,141,172,0,0,32,0,167,166
515,373,10,33,232,141,163,0,0,33,0,160,153
516,381,11,46,251,130,164,0,0,0,36,150,155
517,376,14,36,205,171,216,0,0,0,0,203,201
518,374,15,36,203,171,202,0,0,0,0,191,185
519,382,11,46,236,146,173,0,0,0,17,161,167
520,380,8,33,243,137,172,0,0,0,38,154,168
521,371,10,46,213,158,188,0,0,0,38,178,170
522,375,13,41,205,170,206,0,0,0,0,196,190
523,379,14,41,191,188,216,0,0,0,0,207,199
524,379,8,35,273,106,125,0,0,54,41,121,122
525,375,10,35,234,141,160,0,0,42,0,154,151
526,377,12,34,214,163,193,0,0,15,0,183,179
527,380,10,34,268,112,138,0,0,45,19,122,132
528,379,19,39,196,183,222,0,0,0,0,215,217
529,372,11,39,204,168,197,0,0,9,0,188,189
530,381,11,29,214,167,196,0,0,0,0,188,190
531,378,12,25,244,134,161,0,0,57,0,151,154
532,377,13,33,204,173,210,0,0,0,0,196,204
533,377,10,32,216,161,181,0,0,9,0,181,175
534,376,13,28,214,162,197,0,0,7,0,186,189
535,378,10,29,250,128,149,0,0,71,0,144,146
536,379,11,32,234,145,172,0,0,30,0,164,163
537,378,14,33,215,163,202,0,0,0,0,187,193
538,377,10,34,230,147,172,0,0,42,0,157,164
539,379,14,34,229,150,180,0,0,0,0,169,169
540,379,12,33,240,139,174,0,0,38,0,164,159
541,377,11,33,218,159,185,0,0,47,0,177,165
542,377,12,46,218,159,198,0,0,0,0,181,184
543,380,15,46,209,171,218,0,0,0,0,201,206
544,378,14,35,217,161,208,0,0,0,0,184,198
545,380,12,35,248,132,159,0,0,0,51,151,151
546,375,10,38,228,147,180,0,0,0,34,166,164
547,374,17,38,197,177,216,0,0,0,0,203,198
548,380,10,31,262,118,139,0,0,0,71,131,132
549,373,18,40,191,182,220,0,0,0,0,209,201
550,380,14,36,217,163,194,0,0,0,0,188,185
551,378,14,40,216,162,190,0,0,0,14,181,176
552,381,12,39,220,161,200,0,0,0,16,188,190
553,374,15,28,216,158,190,0,0,0,0,179,181
554,376,7,40,245,131,150,0,0,0,52,139,148
555,379,11,39,229,150,173,0,0,0,53,170,163
556,378,9,30,257,121,143,0,0,0,51,135,134
557,372,15,40,196,176,206,0,0,0,14,197,195
558,378,6,34,278,100,129,0,0,0,91,114,125
559,376,13,48,203,173,201,0,0,0,21,191,184
560,377,17,31,206,171,214,0,0,0,0,201,203
561,377,15,41,192,185,228,0,0,0,0,214,213
562,380,15,35,204,176,210,0,0,0,0,199,203
563,374,16,41,206,168,210,0,0,0,0,201,193
564,381,12,43,240,141,172,0,0,0,42,155,158
565,380,19,29,199,181,216,0,0,0,0,206,203
566,380,17,40,209,171,218,0,0,0,0,200,204
567,373,14,43,205,168,214,0,0,0,10,201,191
568,371,15,38,202,169,204,0,0,0,0,193,191
569,377,17,38,198,179,226,0,0,0,0,217,214
570,377,10,35,250,127,149,0,0,0,47,140,148
571,380,12,35,223,157,203,0,0,0,3,182,189
572,378,14,47,207,171,218,0,0,0,0,203,200
573,381,17,47,194,187,232,0,0,0,0,219,215
574,381,14,44,211,170,204,0,0,0,0,188,187
575,376,15,44,204,172,212,0,0,0,0,200,202
576,374,12,34,211,163,195,0,0,7,0,182,181
577,373,9,31,243,130,148,0,0,56,0,142,139
578,380,17,35,218,162,208,0,0,0,0,195,199
579,377,13,31,224,153,180,0,0,0,0,172,169
580,376,11,43,238,138,171,0,0,0,39,156,169
581,373,11,43,229,144,158,0,0,0,30,156,150
582,375,8,48,222,153,181,0,0,36,19,175,171
583,381,7,48,263,118,141,0,0,23,44,131,139
584,381,9,38,220,161,202,0,0,18,0,187,187
585,374,13,41,211,163,202,0,0,0,0,189,194
586,381,15,38,203,178,212,0,0,31,1,204,197
587,379,10,33,244,135,151,0,0,0,55,144,145
588,372,14,28,208,164,206,0,0,0,0,197,194
589,381,15,32,217,164,200,0,0,0,24,188,187
590,370,11,50,229,141,173,0,0,0,33,165,156
591,381,12,50,204,177,227,0,0,0,3,205,216
592,376,9,40,253,123,147,0,0,65,0,139,142
593,381,13,40,231,150,176,0,0,46,0,163,172
594,381,15,31,218,163,200,0,0,0,0,191,188
595,381,15,28,224,157,190,0,0,0,0,175,178
596,379,14,45,203,176,204,0,0,18,0,195,192
597,375,13,45,196,179,216,0,0,0,0,204,200
598,378,10,29,252,126,153,0,0,43,0,143,149
599,374,17,32,210,164,204,0,0,0,0,198,179
600,375,10,35,212,163,181,0,0,21,0,175,166
601,380,11,37,226,154,201,0,0,13,0,184,192
602,378,9,37,233,145,178,0,0,32,0,162,168
603,378,11,41,223,155,185,0,0,43,0,170,168
604,379,19,29,216,163,204,0,0,0,0,189,193
605,380,15,40,215,165,198,0,0,0,0,180,192
606,376,14,35,210,166,204,0,0,0,0,196,189
607,376,12,31,211,165,203,0,0,7,0,192,191
608,374,11,35,212,162,189,0,0,0,19,185,182
609,377,8,35,250,127,145,0,0,0,59,137,143
610,372,11,50,220,152,197,0,0,0,57,176,177
611,378,10,50,235,143,170,0,0,0,12,158,166
612,376,7,49,261,115,136,0,0,44,48,125,124
613,382,10,49,235,147,185,0,0,29,0,171,167
614,377,6,34,272,105,117,0,0,12,63,111,113
615,379,7,34,270,109,115,0,0,47,44,115,110
616,381,8,40,231,150,184,0,0,31,19,176,170
617,379,6,37,261,118,125,0,0,48,17,125,120
618,374,10,40,243,131,155,0,0,0,41,148,143
619,377,11,40,228,149,179,0,0,0,39,171,177
620,380,11,30,231,149,182,0,0,16,0,163,170
621,377,11,37,229,148,175,0,0,33,0,167,169
622,378,13,36,209,169,204,0,0,0,0,195,193
623,373,14,35,210,163,200,0,0,0,0,192,186
624,378,8,38,242,136,170,0,0,0,30,155,159
625,376,8,40,260,116,133,0,0,57,26,125,125
626,379,12,43,220,159,180,0,0,12,0,169,171
627,381,12,43,208,173,219,0,0,3,0,201,200
628,380,14,26,230,150,191,0,0,0,17,174,181
629,375,13,29,206,169,210,0,0,0,0,195,195
630,380,15,40,213,167,198,0,0,0,0,193,186
631,376,16,33,196,180,220,0,0,0,0,204,204
632,377,7,44,261,116,133,0,0,0,73,126,128
633,380,8,48,224,156,189,0,0,0,39,179,175
634,374,17,39,201,173,222,0,0,0,0,207,205
635,374,16,39,219,155,202,0,0,0,0,185,192
636,376,16,26,193,183,226,0,0,0,0,213,203
637,380,14,37,225,155,187,0,0,0,25,178,176
638,381,13,41,239,142,168,0,0,0,28,162,157
639,374,11,41,228,146,171,0,0,0,49,162,164
640,378,11,33,241,137,163,0,0,43,0,155,151
641,378,13,29,208,170,196,0,0,0,0,190,183
642,381,10,35,231,150,172,0,0,0,26,162,162
643,375,8,35,254,121,139,0,0,34,45,132,124
644,372,11,36,222,150,171,0,0,0,33,164,154
645,377,11,36,225,152,184,0,0,0,32,167,177
646,377,17,27,221,156,196,0,0,0,0,175,190
647,378,14,32,213,165,192,0,0,0,0,188,180
648,378,12,38,218,160,180,0,0,0,24,174,173
649,374,16,33,204,170,212,0,0,0,0,204,202
650,381,9,35,238,143,179,0,0,0,19,162,175
651,376,16,35,210,166,204,0,0,0,0,191,197
652,378,8,32,256,122,143,0,0,34,33,137,135
653,374,7,32,245,129,149,0,0,61,28,144,138
654,380,10,34,229,151,179,0,0,41,0,170,168
655,375,12,36,234,141,170,0,0,44,0,161,154
656,378,15,32,207,171,206,0,0,0,0,196,197
657,373,14,34,206,167,198,0,0,0,0,191,190
658,376,14,45,198,178,216,0,0,0,0,207,207
659,377,11,45,247,130,153,0,0,57,0,144,145
660,376,10,44,248,128,155,0,0,39,0,146,146
661,379,12,46,222,157,200,0,0,26,0,180,190
662,374,15,43,202,172,206,0,0,0,0,199,189
663,381,14,43,225,156,200,0,0,0,0,180,191
664,381,16,43,207,174,220,0,0,0,0,203,213
665,378,14,37,218,160,188,0,0,0,0,179,181
666,372,18,39,197,175,206,0,0,0,0,204,193
667,378,14,39,220,158,196,0,0,0,0,191,193
668,374,12,43,207,167,204,0,0,0,0,195,196
669,375,12,35,226,149,185,0,0,47,0,176,178
670,372,11,46,220,152,164,0,0,30,0,160,155
671,377,12,34,228,149,174,0,0,42,0,168,167
672,379,9,45,240,139,168,0,0,32,0,158,154
673,378,8,45,260,118,135,0,0,34,57,129,126
674,380,11,28,235,145,173,0,0,0,47,159,168
675,375,11,40,217,158,190,0,0,0,0,182,184
676,380,7,39,271,109,135,0,0,44,25,117,131
677,378,12,39,231,147,169,0,0,0,19,162,155
678,377,12,38,210,167,195,0,0,0,15,186,183
679,370,14,38,197,173,216,0,0,0,0,200,207
680,377,18,42,207,170,216,0,0,0,0,205,207
681,379,12,42,233,146,176,0,0,0,26,168,171
682,376,9,35,235,141,167,0,0,0,37,159,156
683,374,11,35,233,141,162,0,0,0,38,156,162
684,377,15,33,201,176,210,0,0,0,0,200,205
685,381,13,37,223,158,184,0,0,0,0,174,181
686,373,13,33,215,158,184,0,0,0,0,178,174
687,380,17,25,217,163,202,0,0,0,0,190,195
688,377,11,33,242,135,160,0,0,52,0,151,151
689,378,11,33,243,135,161,0,0,41,0,152,151
690,375,13,39,232,143,188,0,0,34,0,173,172
691,380,14,40,196,184,228,0,0,0,0,217,214
692,380,11,33,241,139,165,0,0,65,0,153,161
693,380,10,29,236,144,163,0,0,47,0,155,150
694,373,11,34,202,171,205,0,0,23,0,200,196
695,379,10,34,245,134,160,0,0,38,0,154,152
696,380,15,31,206,174,216,0,0,0,0,206,201
697,379,15,26,213,166,208,0,0,0,0,197,195
698,378,15,36,211,167,200,0,0,0,0,188,197
699,375,13,32,195,180,208,0,0,0,0,203,198
700,375,14,41,203,172,202,0,0,0,0,191,191
701,380,16,41,207,173,214,0,0,0,0,202,211
702,377,14,35,207,170,206,0,0,0,0,195,198
703,374,15,31,198,176,216,0,0,0,0,212,202
704,376,24,32,172,204,250,0,0,0,0,238,233
705,375,17,30,201,174,222,0,0,0,0,204,205
706,373,16,37,188,185,234,0,0,0,0,220,220
707,377,16,43,202,175,230,0,0,0,0,205,202
708,381,18,39,207,174,212,0,0,0,0,195,207
709,376,16,39,212,164,200,0,0,0,0,192,188
710,377,17,43,201,176,226,0,0,0,0,216,220
711,377,14,43,210,167,198,0,0,0,0,185,190
712,376,10,36,237,139,165,0,0,51,0,157,163
713,374,12,33,227,147,173,0,0,21,0,163,160
714,380,17,48,208,172,216,0,0,0,0,200,209
715,374,16,25,223,151,176,0,0,0,0,166,169
716,376,12,36,226,150,175,0,0,53,0,164,173
717,380,13,35,221,159,191,0,0,5,0,184,176
718,376,13,41,209,167,206,0,0,0,0,195,204
719,377,15,41,201,176,204,0,0,0,0,200,196
720,381,12,36,240,141,164,0,0,50,0,164,158
721,374,11,36,236,138,171,0,0,45,0,161,165
722,379,11,48,219,160,194,0,0,0,0,189,186
723,376,13,35,205,171,206,0,0,0,0,197,199
724,380,14,36,201,179,224,0,0,0,0,211,217
725,375,14,36,213,162,204,0,0,0,0,193,190
726,378,12,44,210,168,196,0,0,28,0,191,183
727,370,15,44,185,185,220,0,0,26,0,210,202
728,380,10,44,247,133,164,0,0,38,0,151,157
729,373,14,44,208,165,204,0,0,20,0,194,189
730,381,16,41,217,164,192,0,0,8,0,184,182
731,376,10,41,241,135,153,0,0,63,0,149,151
732,373,14,43,216,157,188,0,0,0,0,176,170
733,381,19,31,207,174,212,0,0,0,0,200,205
734,378,19,33,203,175,204,0,0,0,0,200,190
735,380,16,33,209,171,208,0,0,0,0,195,202
736,374,10,36,234,140,164,0,0,44,0,160,157
737,380,11,37,232,148,181,0,0,19,0,166,171
738,377,12,36,215,162,200,0,0,0,0,184,200
739,377,12,35,212,165,202,0,0,0,0,191,190
740,375,13,37,209,166,204,0,0,0,0,196,191
741,378,13,37,217,161,210,0,0,0,0,186,200
742,380,15,35,203,177,224,0,0,0,0,206,210
743,376,17,27,209,167,194,0,0,0,0,191,181
744,380,18,37,205,175,230,0,0,0,0,218,211
745,380,13,34,220,160,189,0,0,23,0,176,171
746,380,11,33,222,158,180,0,0,38,0,174,165
747,378,11,37,245,133,169,0,0,37,0,152,160
748,376,12,40,216,160,194,0,0,0,0,185,172
749,375,11,40,219,156,197,0,0,33,0,182,187
750,375,9,39,227,148,177,0,0,41,0,164,170
751,381,18,39,202,179,220,0,0,0,0,207,208
752,375,14,31,222,153,194,0,0,0,0,185,184
753,377,15,31,194,183,220,0,0,0,0,213,205
754,381,15,29,219,162,196,0,0,0,0,193,184
755,375,17,37,206,169,210,0,0,0,0,198,202
756,373,14,41,193,180,214,0,0,0,0,203,207
757,377,12,41,213,164,208,0,0,0,0,199,191
758,377,13,43,213,164,204,0,0,0,0,184,193
759,376,19,30,187,189,224,0,0,0,0,217,210
760,372,11,49,217,155,188,0,0,36,0,177,178
761,381,12,49,234,147,179,0,0,49,0,165,174
762,379,11,33,213,166,196,0,0,18,0,192,185
763,375,12,35,217,158,188,0,0,28,0,184,173
764,376,11,39,236,140,165,0,0,39,0,158,152
765,381,15,39,203,178,230,0,0,0,0,211,211
766,380,13,38,214,166,204,0,0,0,0,186,193
767,378,9,35,245,133,156,0,0,54,0,151,151
768,380,16,43,208,172,204,0,0,0,0,192,192
769,372,13,43,204,168,198,0,0,0,0,191,184
770,380,15,46,221,159,182,0,0,84,0,174,176
771,376,11,46,233,143,174,0,0,38,0,163,167
772,379,11,45,242,137,166,0,0,44,0,156,156
773,370,12,37,202,168,214,0,0,0,0,197,192
774,374,11,39,232,142,167,0,0,41,0,161,155
775,377,13,39,206,171,214,0,0,0,0,197,201
776,379,17,40,210,169,222,0,0,0,0,202,211
777,371,19,40,177,194,232,0,0,0,0,220,220
778,377,18,26,219,158,208,0,0,0,0,197,194
779,379,15,37,212,167,204,0,0,0,0,192,192
780,379,12,27,228,151,180,0,0,10,0,172,173
781,379,14,35,208,171,210,0,0,0,0,202,196
782,374,14,38,197,177,217,0,0,1,0,205,204
783,376,11,30,232,144,165,0,0,45,0,162,157
784,376,12,31,224,152,173,0,0,15,0,166,163
785,379,8,34,231,148,186,0,0,24,0,159,179
786,376,12,52,190,186,235,0,0,17,0,220,229
787,375,10,52,234,141,155,0,0,43,0,152,148
788,379,12,42,237,142,173,0,0,35,0,161,167
789,378,14,42,220,158,189,0,0,65,0,177,178
790,378,15,35,202,176,206,0,0,0,0,200,198
791,378,14,32,215,163,192,0,0,0,0,188,187
792,379,14,36,222,157,190,0,0,0,0,177,185
793,380,13,36,213,167,214,0,0,0,0,195,201
794,379,12,30,231,148,174,0,0,34,0,158,168
795,379,14,39,212,167,205,0,0,5,0,188,189
796,377,11,33,228,149,171,0,0,35,0,166,157
797,381,11,37,234,147,169,0,0,45,0,161,159
798,380,19,45,207,173,220,0,0,0,0,205,208
799,375,14,45,214,161,184,0,0,0,0,181,175
800,378,19,41,195,183,222,0,0,0,0,208,207
801,376,15,41,205,171,202,0,0,0,0,188,192
802,376,14,41,196,180,206,0,0,0,0,200,200
803,380,17,41,207,173,214,0,0,0,0,202,209
804,380,17,42,217,163,202,0,0,0,0,187,196
805,375,17,26,206,169,196,0,0,0,0,192,185
806,375,16,37,201,174,204,0,0,0,0,198,199
807,379,14,37,215,164,208,0,0,0,0,196,194
808,379,14,42,221,158,198,0,0,0,0,184,191
809,377,14,42,220,157,180,0,0,48,0,178,164
810,378,16,30,199,179,218,0,0,0,0,208,205
811,380,12,30,220,160,192,0,0,0,0,183,179
812,379,12,36,224,155,185,0,0,33,0,174,175
813,373,12,37,203,170,204,0,0,0,0,191,192
814,380,14,37,226,154,180,0,0,22,0,176,173
815,374,10,35,229,145,180,0,0,44,0,173,165
816,381,13,41,194,187,234,0,0,0,0,215,223
817,376,12,41,220,156,190,0,0,0,0,183,178
818,377,15,41,201,176,202,0,0,0,0,197,190
819,379,17,41,194,185,224,0,0,0,0,215,208
820,380,10,41,246,134,160,0,0,0,54,147,148
821,375,14,41,200,175,211,0,0,0,23,203,190
822,376,16,39,192,184,232,0,0,0,0,220,212
823,374,11,39,237,137,170,0,0,0,56,154,164
824,374,15,35,213,161,202,0,0,0,0,195,187
825,378,15,35,211,167,196,0,0,0,0,187,195
826,376,17,27,212,164,202,0,0,0,0,190,194
827,378,17,27,202,176,216,0,0,0,0,202,210
828,377,13,36,213,164,188,0,0,0,0,184,177
829,375,16,36,211,164,204,0,0,0,0,189,192
830,377,14,36,217,160,198,0,0,0,0,189,184
831,377,18,28,215,162,186,0,0,0,0,173,180
832,374,7,42,250,124,151,0,0,44,23,141,144
833,380,9,42,238,142,159,0,0,0,27,156,149
834,381,11,38,242,139,161,0,0,39,0,149,155
835,380,11,42,239,141,163,0,0,40,29,161,153
836,377,9,33,258,119,138,0,0,41,27,130,129
837,376,8,33,244,132,157,0,0,0,39,150,152
838,375,11,32,225,150,184,0,0,0,0,172,174
839,378,10,32,249,129,158,0,0,56,0,146,149
840,381,13,24,244,137,165,0,0,0,41,157,156
841,376,13,29,221,155,182,0,0,0,0,171,173
842,378,14,36,213,165,192,0,0,0,0,184,184
843,373,10,36,228,145,174,0,0,0,36,167,158
844,377,11,42,233,144,166,0,0,0,24,159,163
845,375,17,29,198,177,219,0,0,0,17,209,199
846,377,15,38,220,157,184,0,0,0,0,178,177
847,381,15,38,216,165,208,0,0,0,0,196,194
848,379,9,53,232,147,172,0,0,30,0,162,165
849,376,12,53,196,180,213,0,0,11,0,206,196
850,380,9,40,224,156,183,0,0,47,0,177,178
851,375,14,40,208,167,198,0,0,0,0,197,189
852,374,5,42,276,98,114,0,0,41,37,102,111
853,378,10,42,230,148,174,0,0,0,32,164,164
854,375,8,35,268,107,121,0,0,52,27,115,121
855,374,11,35,233,141,164,0,0,0,28,162,156
856,379,11,40,205,174,206,0,0,0,0,203,197
857,379,9,31,254,125,146,0,0,0,38,140,141
858,381,14,40,216,165,202,0,0,0,0,181,197
859,376,11,31,241,135,174,0,0,0,42,161,169
860,380,12,57,240,140,169,0,0,0,41,157,160
861,376,13,57,203,173,207,0,0,0,19,196,197
862,378,16,29,223,155,188,0,0,0,0,184,172
863,380,15,28,223,157,196,0,0,0,0,177,187
864,380,16,29,215,165,206,0,0,0,0,199,191
865,381,10,29,254,127,156,0,0,42,0,143,149
866,377,14,40,211,166,203,0,0,13,0,192,192
867,373,11,35,239,134,149,0,0,43,0,143,139
868,379,15,38,199,180,224,0,0,0,0,215,214
869,378,17,36,218,160,200,0,0,0,0,183,194
870,375,14,45,207,168,190,0,0,0,0,185,176
871,375,13,45,201,174,222,0,0,0,0,203,214
872,374,15,30,201,173,220,0,0,0,0,209,210
873,380,14,29,209,171,194,0,0,0,0,188,182
874,380,14,40,221,159,198,0,0,0,0,187,197
875,380,15,40,194,186,228,0,0,0,0,213,212
876,380,11,30,239,141,161,0,0,41,0,152,155
877,379,12,31,225,154,181,0,0,29,0,166,178
878,372,13,43,220,152,192,0,0,24,0,179,183
879,378,10,43,222,156,186,0,0,54,0,180,174
880,380,16,45,214,166,204,0,0,0,0,195,199
881,378,10,45,222,156,177,0,0,53,0,174,170
882,380,11,38,231,149,189,0,0,59,0,172,184
883,378,9,38,233,145,167,0,0,37,0,163,165
884,378,13,37,220,158,188,0,0,0,0,176,176
885,377,12,33,229,148,172,0,0,46,0,166,154
886,379,11,36,236,143,170,0,0,42,0,162,163
887,380,14,36,213,167,184,0,0,0,0,184,173
888,375,16,37,213,162,216,0,0,0,0,197,209
889,381,15,36,209,172,208,0,0,0,0,193,196
890,375,14,29,215,160,196,0,0,0,0,182,184
891,380,15,35,209,171,218,0,0,0,0,204,211
892,375,17,29,199,176,208,0,0,0,0,204,197
893,376,12,30,214,162,194,0,0,0,0,182,181
894,376,14,42,207,169,200,0,0,0,0,194,192
895,377,13,36,203,174,210,0,0,0,0,204,194
896,378,11,42,213,165,200,0,0,14,0,188,195
897,377,14,41,213,164,190,0,0,0,0,187,184
898,380,9,42,234,146,179,0,0,33,0,167,174
899,382,11,41,225,157,188,0,0,36,0,176,184
900,380,20,35,200,180,236,0,0,0,0,221,210
901,376,13,35,216,160,196,0,0,0,0,186,182
902,377,12,28,241,136,159,0,0,37,0,154,155
903,373,10,31,218,155,170,0,0,36,0,169,156
904,381,14,37,212,169,204,0,0,0,0,195,194
905,380,15,41,214,166,200,0,0,0,0,187,197
906,379,12,30,238,141,174,0,0,0,0,163,166
907,373,10,41,241,132,156,0,0,44,0,150,148
908,381,10,41,233,148,176,0,0,44,0,161,166
909,380,12,34,207,173,210,0,0,14,0,196,202
910,379,15,37,196,183,224,0,0,0,0,216,205
911,378,11,37,224,154,193,0,0,19,0,183,190
912,373,10,42,233,140,166,0,0,0,38,160,155
913,374,10,35,231,143,160,0,0,0,20,155,150
914,381,10,30,251,130,161,0,0,0,43,148,155
915,378,15,33,194,184,228,0,0,0,18,214,213
916,376,12,41,205,171,208,0,0,0,0,195,200
917,372,14,41,217,155,191,0,0,0,31,184,170
918,378,16,44,216,162,206,0,0,0,0,188,191
919,376,16,44,201,175,226,0,0,0,0,209,211
920,377,19,32,210,167,202,0,0,0,0,186,187
921,375,20,36,195,180,214,0,0,0,0,203,204
922,379,17,36,201,178,210,0,0,0,0,200,203
923,375,16,36,214,161,192,0,0,0,0,189,182
924,377,16,25,219,158,186,0,0,0,0,177,180
925,380,15,36,205,175,202,0,0,0,0,192,197
926,381,16,32,216,165,200,0,0,0,0,190,186
927,378,17,32,218,160,190,0,0,0,0,186,180
928,382,14,42,216,166,206,0,0,0,0,190,201
929,377,9,42,243,134,157,0,0,0,41,151,155
930,381,15,39,223,158,196,0,0,0,22,182,187
931,375,10,34,224,151,178,0,0,0,22,168,165
932,378,8,31,264,114,141,0,0,60,33,123,139
933,377,8,27,243,134,153,0,0,39,0,150,140
934,380,11,37,230,150,183,0,0,0,25,171,174
935,374,9,37,245,129,155,0,0,31,40,153,143
936,379,14,36,210,169,204,0,0,0,0,196,196
937,378,15,36,217,161,190,0,0,0,0,189,180
938,377,12,33,228,149,186,0,0,24,0,176,173
939,379,11,33,248,131,150,0,0,56,0,142,144
940,373,10,44,231,142,179,0,0,29,0,164,168
941,375,13,44,215,160,200,0,0,22,0,192,188
942,377,15,27,216,161,186,0,0,0,0,179,173
943,381,14,31,232,149,184,0,0,0,0,170,179
944,375,7,44,264,111,126,0,0,30,38,123,119
945,380,10,44,222,158,188,0,0,14,14,175,176
946,370,11,33,228,142,172,0,0,34,0,164,156
947,378,12,28,255,123,141,0,0,51,0,138,134
948,378,16,48,213,165,216,0,0,0,0,202,206
949,377,12,48,202,175,202,0,0,0,0,201,188
950,378,12,42,223,155,186,0,0,0,22,177,182
951,375,10,36,216,159,193,0,0,0,27,181,184
952,373,15,29,214,159,192,0,0,0,0,184,185
953,381,13,29,221,160,190,0,0,0,0,181,181
954,378,10,35,239,139,161,0,0,41,0,155,157
955,377,12,35,236,141,173,0,0,41,0,160,165
956,380,13,37,234,146,181,0,0,0,39,169,172
957,375,12,39,212,163,202,0,0,0,10,194,193
958,370,6,38,264,106,122,0,0,21,59,113,115
959,376,9,39,242,134,151,0,0,57,18,145,146
960,373,13,43,209,164,207,0,0,23,0,195,196
961,380,9,43,234,146,161,0,0,14,31,157,149
962,378,7,39,255,123,140,0,0,53,23,138,130
963,378,5,39,283,95,111,0,0,50,69,101,104
964,377,7,39,263,114,134,0,0,0,58,126,126
965,376,8,39,223,153,178,0,0,0,20,172,161
966,381,10,31,251,130,159,0,0,0,59,143,144
967,375,13,30,234,141,179,0,0,0,17,161,171
968,371,14,40,216,155,188,0,0,0,66,174,173
969,380,11,40,216,164,194,0,0,0,0,180,187
970,375,9,35,271,104,117,0,0,35,50,114,111
971,375,10,35,210,165,192,0,0,0,10,187,178
972,376,12,34,215,161,192,0,0,0,10,188,188
973,376,10,33,231,145,172,0,0,20,0,163,166
974,379,9,41,234,145,170,0,0,32,0,159,162
975,380,8,41,268,112,134,0,0,39,57,124,127
976,380,13,43,224,156,183,0,0,0,57,173,177
977,380,12,43,243,137,164,0,0,0,44,155,157
978,380,8,48,277,103,118,0,0,0,98,112,105
979,381,15,48,213,168,204,0,0,0,10,193,185
980,376,11,31,238,138,166,0,0,0,38,157,157
981,377,12,31,246,131,162,0,0,0,46,153,153
982,375,17,38,208,167,204,0,0,0,0,190,190
983,375,14,37,217,158,192,0,0,0,0,180,182
984,375,14,49,213,162,202,0,0,0,0,189,193
985,380,13,49,240,140,165,0,0,0,45,156,158
986,371,12,30,216,155,184,0,0,0,0,181,176
987,377,13,30,201,176,204,0,0,0,0,194,200
988,381,12,36,234,147,187,0,0,0,21,176,176
989,379,15,38,198,181,232,0,0,0,0,217,217
990,378,9,22,276,102,121,0,0,0,81,112,113
991,379,10,28,240,139,157,0,0,0,37,149,154
992,375,7,42,263,112,132,0,0,51,39,126,128
993,379,8,42,234,145,165,0,0,0,35,158,157
994,380,10,47,237,143,169,0,0,27,0,156,159
995,380,13,28,234,146,177,0,0,33,0,164,164
996,381,14,47,207,174,224,0,0,0,0,203,204
997,378,10,37,243,135,161,0,0,0,49,152,150
998,379,12,46,213,166,200,0,0,0,0,186,191
999,375,15,46,183,192,227,0,0,0,11,216,198
1000,376,10,37,234,142,176,0,0,66,0,163,163
1001,376,10,37,216,160,192,0,0,0,0,178,186
1002,381,14,37,206,175,212,0,0,0,0,203,201
1003,376,12,37,234,142,167,0,0,49,0,158,161
1004,379,12,34,227,152,173,0,0,25,0,167,161
1005,377,16,33,214,163,202,0,0,0,0,189,193
1006,375,15,32,214,161,198,0,0,0,0,187,190
1007,378,17,31,208,170,206,0,0,0,0,200,190
1008,374,9,45,231,143,178,0,0,36,0,167,166
1009,381,10,45,231,150,181,0,0,27,0,169,172
1010,375,9,49,228,147,165,0,0,55,0,157,162
1011,376,14,49,209,167,204,0,0,6,0,194,191
1012,380,15,36,212,168,202,0,0,0,0,196,190
1013,379,17,30,219,160,194,0,0,0,0,183,188
1014,376,12,45,208,168,208,0,0,0,0,199,193
1015,381,16,33,221,160,198,0,0,0,0,186,191
1016,380,16,45,200,180,226,0,0,0,0,212,218
1017,373,11,40,233,140,157,0,0,51,0,152,145
1018,375,10,42,224,151,178,0,0,42,0,171,164
1019,381,14,42,221,160,187,0,0,11,0,176,183
1020,378,15,34,213,165,206,0,0,0,0,202,192
1021,373,15,34,204,169,210,0,0,0,0,194,207
1022,377,11,38,234,143,171,0,0,37,0,162,164
1023,379,10,38,219,160,185,0,0,33,0,180,181
